image_id,split,family,h,w,band_ok,band_rows,frac_all,frac_band,n_comp,ang_med,ang_mad,len_mean_px,pa_ours,n_ours,note
IMG_00001.tif,test,still:tif:800x1200,800,1200,True,418,0.017629166666666668,0.03374003189792663,31,-12.524343882283018,1.1467655174001656,115.43036297828921,16.06703931693201,31,blend
IMG_00002.tif,test,still:tif:800x1200,800,1200,True,399,0.009846875,0.01974310776942356,28,-11.111075463005928,2.345364253755239,81.96134540012905,8.978009759953224,25,blend
IMG_00003.tif,test,still:tif:800x1200,800,1200,True,357,0.017966666666666666,0.04026143790849673,36,12.256041601378932,1.2726060430561725,88.67003133561876,13.027758029717397,36,blend
IMG_00004.tif,test,still:tif:800x1200,800,1200,True,440,0.019322916666666665,0.03513257575757576,26,14.335104381067751,1.4021948935845874,126.30496707329384,12.665231617030948,26,blend
IMG_00005.tif,test,still:tif:800x1200,800,1200,True,354,0.013707291666666666,0.03057909604519774,22,-13.764649012751883,1.6998848535366973,113.50167179107666,18.947688938649843,20,blend
IMG_00006.tif,test,still:tif:800x1200,800,1200,True,394,0.011695833333333334,0.02374788494077834,22,-16.37809000069904,2.63811148608627,95.94511790709062,19.94991506168969,23,blend
IMG_00007.tif,test,still:tif:800x1200,800,1200,True,439,0.024654166666666668,0.04492786636294609,26,17.42062177689859,2.1915410594790865,151.1683426636916,19.04559652347607,27,blend
IMG_00008.tif,test,still:tif:800x1200,800,1200,True,555,0.021665625,0.03122972972972973,30,20.40391536083876,1.5015261819124035,117.17176717122396,17.835843982384127,30,blend
IMG_00009.tif,test,still:tif:800x1200,800,1200,True,377,0.017766666666666667,0.03770114942528736,38,10.325956502560189,1.3403247165812795,96.5121508648521,8.401711294480739,38,blend
IMG_00010.tif,test,still:tif:800x1200,800,1200,True,375,0.009521875,0.020313333333333333,31,11.144054993003396,1.000839706429657,68.66462070711198,13.662209469435805,31,blend
IMG_00011.tif,test,still:tif:800x1200,800,1200,True,355,0.020144791666666665,0.045396713615023475,37,14.434317390391438,1.3786719602718716,102.23467610333417,13.294132226570595,37,blend
IMG_00012.tif,test,still:tif:800x1200,800,1200,True,377,0.025715625,0.05456896551724138,46,10.780317800231776,0.8812613304480568,106.93952979212222,13.065681135592861,47,blend
IMG_00013.tif,test,video:tif:800x1200,800,1200,True,246,0.007907291666666667,0.025714769647696478,17,-4.645333610336941,0.7147473834318703,101.23408014634076,9.104261153065739,17,blend
IMG_00014.tif,test,still:tif:800x1200,800,1200,True,533,0.0074916666666666664,0.011244527829893684,14,8.419745178265977,1.4216056793289389,115.2783614567348,11.246515483260573,14,blend
IMG_00015.tif,test,still:tif:800x1200,800,1200,True,505,0.007734375,0.012252475247524753,17,-7.5096926470450365,1.942218533787682,95.6878298591165,11.810604800192323,17,blend
IMG_00016.tif,test,still:tif:800x1200,800,1200,True,481,0.020672916666666666,0.03438322938322938,36,-14.427812260954717,0.8210379480195824,114.92640940348308,17.41067545991628,36,blend
IMG_00017.tif,test,still:tif:800x1200,800,1200,True,419,0.013734375,0.026223150357995228,26,-14.473755424395096,1.774139660368852,109.22983796779926,16.096792906568645,27,blend
IMG_00018.tif,test,still:tif:800x1200,800,1200,True,282,0.00665625,0.018882978723404255,15,-14.396657897096494,1.927920957871713,88.42960815429687,15.41495496491958,15,blend
IMG_00019.tif,test,still:tif:800x1200,800,1200,True,316,0.007820833333333334,0.01958860759493671,16,-8.1142649978506,1.1573063498776333,94.36761033535004,14.733280028343012,15,blend
IMG_00020.tif,test,still:tif:800x1200,800,1200,True,464,0.015253125,0.026298491379310344,28,-10.42132570129672,0.8101026305162575,113.17183337892804,10.557994579086653,28,blend
IMG_00021.tif,test,still:tif:800x1200,800,1200,True,371,0.012354166666666666,0.026639712488769094,19,13.43930549974076,1.2298768483436682,129.2211312243813,9.192470719483515,21,blend
IMG_00022.tif,test,still:tif:800x1200,800,1200,True,354,0.004997916666666667,0.01129472693032015,17,-14.286602465179037,1.1716264528268105,61.34408636654125,17.981714755577983,18,blend
IMG_00023.tif,test,still:tif:800x1200,800,1200,True,377,0.013392708333333333,0.02841954022988506,20,11.422958889814769,1.6440274097032885,115.11434278488159,17.47623459073558,20,blend
IMG_00024.tif,test,still:tif:800x1200,800,1200,True,472,0.023198958333333332,0.03932026836158192,43,14.844120267124262,1.0619009793618215,104.93594945863236,17.291059645637738,43,blend
IMG_00025.tif,test,still:tif:800x1200,800,1200,True,449,0.011890625,0.02118596881959911,22,13.796814150196393,2.122393021326677,103.25203080610795,10.708341885575546,22,blend
IMG_00026.tif,test,still:tif:800x1200,800,1200,True,477,0.02698125,0.04525157232704403,34,17.372952040258184,1.2130846641793713,135.43948661579805,15.486070226630899,34,blend
IMG_00027.tif,test,still:tif:800x1200,800,1200,True,389,0.020216666666666668,0.04157669237360754,22,15.821378946987686,2.075691126139853,162.30144994909114,14.276248385032876,22,blend
IMG_00028.tif,test,still:tif:800x1200,800,1200,True,415,0.030733333333333335,0.05924497991967872,41,15.651857824164729,1.38962778424483,131.48926562797732,12.744172909066894,41,blend
IMG_00029.tif,test,still:tif:800x1200,800,1200,True,409,0.017958333333333333,0.035126324368378155,25,13.0265824056934,1.887984609205386,134.50321445465087,14.073034376619557,25,blend
IMG_00030.tif,test,still:tif:800x1200,800,1200,True,308,0.008054166666666666,0.02091991341991342,23,-8.175414472134811,1.869116708237211,81.67583598261294,8.449951372055386,23,blend
IMG_00031.tif,test,still:tif:800x1200,800,1200,True,324,0.010942708333333334,0.0270190329218107,21,8.898449591856174,1.5224850336761104,105.73289026532855,8.64645353541044,22,blend
IMG_00032.tif,test,still:tif:800x1200,800,1200,True,445,0.027111458333333335,0.04873970037453183,32,-14.585958076788476,1.7552021436637384,159.8019898533821,14.339800194356247,31,blend
IMG_00033.tif,test,still:tif:800x1200,800,1200,True,518,0.023272916666666667,0.035942728442728444,29,-14.270809477409088,0.8630981075489004,150.37775802612305,14.640454322196224,30,blend
IMG_00034.tif,test,still:tif:800x1200,800,1200,True,448,0.015832291666666668,0.028271949404761906,35,12.967743169303331,2.4507970378376562,81.23190089634487,15.458467067276509,36,blend
IMG_00035.tif,test,still:tif:800x1200,800,1200,True,469,0.021865625,0.03729744136460554,28,-12.337745133755039,1.3745386519503668,145.53394392558508,,0,no usable fascicle fragments
IMG_00036.tif,test,video:tif:853x1069,853,1069,True,778,0.0156088070826895,0.017113512135648,28,10.512198003276588,2.0528710168316318,74.1054357801165,,0,no usable fascicle fragments
IMG_00037.tif,test,video:tif:853x959,853,959,True,655,0.005344566866374826,0.006960176392393476,10,9.29879942186958,1.0756147365986504,80.96617488861084,15.558099417692652,10,blend
IMG_00038.tif,test,video:tif:853x1069,853,1069,True,328,0.016671473706951857,0.041810216979625364,15,9.89791842103089,2.1438857268105256,136.08388036092123,19.56454447509385,15,blend
IMG_00039.tif,test,video:tif:853x1069,853,1069,True,694,0.013551466951506651,0.01665619785250025,19,-10.013307245171926,1.287922262735476,117.30624128642835,,0,no usable fascicle fragments
IMG_00040.tif,test,video:tif:513x465,513,465,True,486,0.009172273575216416,0.009681844329395105,15,10.145871880613106,2.6400973169213255,37.100334358215335,19.90430830564719,15,blend
IMG_00041.tif,test,video:tif:513x461,513,461,True,386,0.009860756978007805,0.013105099299787575,11,14.542363535839746,0.9006952514685267,45.87221986597235,20.674657463132956,11,blend
IMG_00042.tif,test,video:tif:512x465,512,465,True,242,0.043338373655913975,0.0916911045943304,34,8.774938441852296,1.706516291408847,60.63914332670324,,0,no plausible aponeurosis pair
IMG_00043.tif,test,video:tif:513x463,513,463,True,179,0.029231345702870087,0.07962402113976133,31,9.346242558154799,1.3336977868451854,55.85612890797277,22.683363046510046,30,blend
IMG_00044.tif,test,video:tif:513x464,513,464,True,20,0.039431673052362705,0.024676724137931035,33,7.499430532440018,1.8525496529799046,62.526958696769945,,0,fewer than two aponeuroses
IMG_00045.tif,test,video:tif:513x465,513,465,True,344,0.012815192102119097,0.019111027756939236,18,8.148983078059008,0.857063641292056,52.26040066613091,15.933754496676741,18,blend
IMG_00046.tif,test,video:tif:512x465,512,465,True,328,0.02222782258064516,0.034697088906372936,25,4.750899742919607,1.9623493183535903,48.6364623260498,12.863686395288578,22,blend
IMG_00047.tif,test,video:tif:853x1069,853,1069,True,599,0.011008305030284354,0.01567626743043832,23,7.537895544110759,1.0161105428582884,81.80008813609247,,0,no usable fascicle fragments
IMG_00048.tif,test,video:tif:513x466,513,466,True,372,0.022814547097357127,0.03146199640038765,19,6.489095488190001,1.9321467252638698,68.19324834723221,14.380426665172003,19,blend
IMG_00049.tif,test,video:tif:853x1069,853,1069,True,372,0.01292088562132001,0.029627729663940776,15,10.321543879686825,1.3255123930630415,111.88262888590495,15.594741521366554,15,blend
IMG_00050.tif,test,video:tif:853x1069,853,1069,True,435,0.022365348952741494,0.04385664978549079,27,9.693038240775206,1.154155359157123,104.60700183444553,19.299499437138145,28,blend
IMG_00051.tif,test,video:tif:853x1069,853,1069,True,693,0.010320697214585181,0.012652247451124907,17,8.559927848847412,0.8391692388201335,81.57728408364689,7.487466233336707,17,blend
IMG_00052.tif,test,video:tif:853x1069,853,1069,True,434,0.010824065615551562,0.02127402758079604,16,11.719528168075332,1.6081742250206057,80.94256001710892,20.997829693410367,16,blend
IMG_00053.tif,test,video:tif:853x1069,853,1069,True,373,0.016969766092709712,0.03880753479110291,19,12.477485222672252,1.590271895417219,109.07750370627956,19.74941396474973,19,blend
IMG_00054.tif,test,video:tif:853x1069,853,1069,True,633,0.010862448826954226,0.01463770750298887,14,10.259665374164552,2.8385848662718214,98.97128425325666,11.125079163319267,13,trig
IMG_00055.tif,test,video:tif:853x1069,853,1069,True,381,0.018450261389669653,0.04130727812437851,29,11.219519674941228,1.5668463424451886,88.00906023485908,17.635324806569702,29,blend
IMG_00056.tif,test,video:tif:644x1088,644,1088,True,406,0.01883477575812934,0.029875851202549986,31,-11.009351521240504,1.1250919213837225,89.66046794768303,8.791811028898119,28,blend
IMG_00057.tif,test,video:tif:644x1088,644,1088,True,406,0.01915875045670442,0.030389742103738047,30,-11.036557848121731,1.276791223861589,92.95205097198486,8.711353981351513,27,blend
IMG_00058.tif,test,video:tif:644x1088,644,1088,True,406,0.01905599196200219,0.030226745870762097,30,-11.213280461806603,1.1975924576642312,92.5283234278361,8.91992702638964,28,blend
IMG_00059.tif,test,video:tif:644x1088,644,1088,True,406,0.018827639751552796,0.029864532019704435,33,-11.090579593771098,1.2752734403503023,83.64928811969179,8.942145318773173,29,blend
IMG_00060.tif,test,video:tif:644x1088,644,1088,True,406,0.018129738308366825,0.028757515937409446,34,-10.93082602194491,1.399751156972008,80.14743257971371,9.16619500563645,30,blend
IMG_00061.tif,test,video:tif:644x1088,644,1088,True,506,0.015573620752648886,0.019820971867007674,16,-15.861808777382855,1.4423808664390414,117.64395344257355,10.299061695393217,16,blend
IMG_00062.tif,test,video:tif:644x1088,644,1088,True,505,0.01580768176835952,0.020158707047175307,16,-16.14332137604636,1.5260758572864663,120.6970579624176,10.862310246167958,16,blend
IMG_00063.tif,test,video:tif:644x1088,644,1088,True,505,0.015693505663134818,0.020013104251601632,16,-16.023816632045655,1.7702232529931479,119.99158954620361,10.737038839431179,16,blend
IMG_00064.tif,test,video:tif:644x1088,644,1088,True,505,0.016110248447204968,0.020544554455445545,18,-15.75174560349,1.3573400434933527,110.77562236785889,9.902115295545348,18,blend
IMG_00065.tif,test,video:tif:644x1088,644,1088,True,505,0.015492270277676287,0.01975647932440303,16,-15.862876720818974,1.753041211819852,120.45021867752075,10.22323683741567,16,blend
IMG_00066.tif,test,video:tif:800x1200,800,1200,True,568,0.011789583333333332,0.016605046948356808,21,-12.135408973011014,0.9556422398811879,100.1034289768764,14.409625796081235,21,blend
IMG_00067.tif,test,video:tif:800x1200,800,1200,True,541,0.011484375,0.016982439926062846,18,-12.283955282787534,0.9050904758136049,111.11644236246745,14.448583619290403,18,blend
IMG_00068.tif,test,video:tif:800x1200,800,1200,True,547,0.01156875,0.016919561243144424,20,-12.175373927347167,0.7654504680337695,102.3192970275879,14.46335799104773,20,blend
IMG_00069.tif,test,video:tif:800x1200,800,1200,True,550,0.011889583333333334,0.017293939393939393,21,-12.15222396337701,0.8518758530330643,100.4587918236142,12.670581714902198,21,blend
IMG_00070.tif,test,video:tif:800x1200,800,1200,True,567,0.011930208333333333,0.016832745443856555,22,-12.050012429849804,1.0309485246296886,98.00978469848633,13.370064573920793,22,blend
IMG_00071.tif,test,video:tif:800x1200,800,1200,True,572,0.006825,0.009494463869463869,18,-7.820051745828804,1.2689211186574232,73.15885300106473,5.327192601441248,1,blend
IMG_00072.tif,test,video:tif:800x1200,800,1200,True,572,0.006788541666666667,0.009404137529137529,19,-7.049808705795734,1.0000543997388265,68.81915544208728,5.546959249827927,1,blend
IMG_00073.tif,test,video:tif:800x1200,800,1200,True,572,0.005933333333333333,0.008218240093240093,18,-7.126912783006291,0.8035671346177518,64.80168777041965,5.500447251870995,1,blend
IMG_00074.tif,test,video:tif:800x1200,800,1200,True,572,0.006798958333333333,0.009418706293706294,21,-7.1127275689958465,2.1019979798182513,64.65313684372674,12.41414779123843,15,blend
IMG_00075.tif,test,video:tif:800x1200,800,1200,True,572,0.006683333333333334,0.00928467365967366,18,-7.1345071040621075,1.4312445015136115,72.81796826256647,7.160447655103569,3,blend
IMG_00076.tif,test,video:tif:800x1200,800,1200,True,513,0.01381875,0.02154970760233918,24,-7.193972431609186,0.8886442877432637,108.66663440068562,8.908613525421572,24,trig
IMG_00077.tif,test,video:tif:800x1200,800,1200,True,514,0.013975,0.021750972762645916,25,-7.252166841290002,1.0311031258000112,106.55998313903808,9.562866117994222,25,trig
IMG_00078.tif,test,video:tif:800x1200,800,1200,True,515,0.013870833333333334,0.021546925566343043,25,-7.547973889079983,1.0500557427837078,103.92320022583007,9.576474983109703,25,trig
IMG_00079.tif,test,video:tif:800x1200,800,1200,True,515,0.014477083333333333,0.022488673139158578,26,-7.26393835116554,0.9587728674530593,106.65483881877019,9.43653401997999,27,trig
IMG_00080.tif,test,video:tif:800x1200,800,1200,True,515,0.015273958333333334,0.023726537216828478,27,-7.4965292973978555,0.8831526310928526,108.82093365987141,9.40274856748567,27,trig
IMG_00081.tif,test,video:tif:800x1200,800,1200,True,744,0.015546875,0.016717069892473117,29,-7.120143365447564,0.7253975112944158,108.42889437182197,8.4864258715016,28,trig
IMG_00082.tif,test,video:tif:800x1200,800,1200,True,744,0.0154375,0.016599462365591396,28,-7.129587735873217,0.5822090474111503,111.6521474974496,8.753339257228324,28,trig
IMG_00083.tif,test,video:tif:800x1200,800,1200,True,744,0.015921875,0.01712029569892473,31,-7.226049900240508,0.9043227351370389,105.85654993980161,8.581285865486416,30,trig
IMG_00084.tif,test,video:tif:800x1200,800,1200,True,744,0.015889583333333332,0.01708557347670251,31,-7.322547511610627,0.9365380676651389,104.28605756452006,9.253385670959048,30,trig
IMG_00085.tif,test,video:tif:800x1200,800,1200,True,744,0.016171875,0.017389112903225805,29,-7.27780980246402,0.8019756597487158,113.41765574751228,9.117003102325071,29,trig
IMG_00086.tif,test,video:tif:800x1200,800,1200,True,432,0.006409375,0.011869212962962963,14,-8.98723382813958,2.513700269535879,78.31497301374164,11.28841004451078,14,blend
IMG_00087.tif,test,video:tif:800x1200,800,1200,True,430,0.006434375,0.011970930232558139,12,-9.250907826608127,2.7146226277960817,88.10128243764241,11.480409829895525,12,blend
IMG_00088.tif,test,video:tif:800x1200,800,1200,True,430,0.0060625,0.011279069767441861,12,-10.419020138839482,2.020650413822323,87.6532506942749,10.844682095043023,12,blend
IMG_00089.tif,test,video:tif:800x1200,800,1200,True,430,0.005559375,0.010343023255813953,11,-10.772938864717736,2.5655271859795086,87.6172832142223,11.240615078988952,11,blend
IMG_00090.tif,test,video:tif:800x1200,800,1200,True,430,0.006029166666666667,0.011217054263565892,11,-11.16681502448137,1.4948112677858152,92.65267528187145,12.16859141198005,11,blend
IMG_00091.tif,test,video:tif:800x1200,800,1200,True,465,0.015486458333333333,0.02664336917562724,29,-8.41771916435878,1.9758621188811425,103.30126867623164,12.771683018219365,29,blend
IMG_00092.tif,test,video:tif:800x1200,800,1200,True,466,0.015511458333333334,0.026629113018597998,29,-8.406150155806154,1.6161241031527052,102.8610887856319,12.880829913879651,29,blend
IMG_00093.tif,test,video:tif:800x1200,800,1200,True,465,0.01569375,0.027,28,-8.311463216100211,1.6122147412416328,106.33317845208305,12.311990900117081,28,blend
IMG_00094.tif,test,video:tif:800x1200,800,1200,True,465,0.01483125,0.025516129032258066,28,-8.096411191460113,1.7314203087245037,103.18203551428658,11.80216636632906,28,blend
IMG_00095.tif,test,video:tif:800x1200,800,1200,True,468,0.014725,0.02517094017094017,28,-8.435339633608045,1.5106959191585005,101.55404792513166,12.788445243868841,28,blend
IMG_00096.tif,test,video:tif:800x1200,800,1200,True,672,0.010188541666666667,0.012129216269841269,17,-17.171481466998667,2.729191341297323,92.60198312647202,14.119374235294758,17,blend
IMG_00097.tif,test,video:tif:800x1200,800,1200,True,667,0.00928125,0.011131934032983508,16,-18.53258273581662,1.9057507042106945,88.81245356798172,14.666300543458558,16,blend
IMG_00098.tif,test,video:tif:800x1200,800,1200,True,635,0.008628125,0.01087007874015748,16,-18.42779416710642,1.6724640377706486,83.52962559461594,14.321095046419142,16,blend
IMG_00099.tif,test,video:tif:800x1200,800,1200,True,641,0.007914583333333332,0.009877795111804472,17,-18.15612034197868,1.611004646414596,72.37841090034036,14.3070685208341,17,blend
IMG_00100.tif,test,video:tif:800x1200,800,1200,True,635,0.007276041666666667,0.009166666666666667,14,-18.211329919120132,1.5773636115137464,80.29766934258598,14.47822434755049,14,blend
IMG_00101.tif,test,video:tif:800x1200,800,1200,True,486,0.010398958333333333,0.017117626886145404,21,-14.041512998643208,1.1409186647674634,80.96824664161319,10.881888042171491,20,blend
IMG_00102.tif,test,video:tif:800x1200,800,1200,True,645,0.011142708333333333,0.013820413436692507,23,-14.088619064962563,1.5356217892577124,78.68960052987804,11.328868518167415,22,blend
IMG_00103.tif,test,video:tif:800x1200,800,1200,True,487,0.010535416666666667,0.017306639288158794,23,-13.62696757904577,1.5459067055738593,75.22940432507059,11.035422820349705,22,blend
IMG_00104.tif,test,video:tif:800x1200,800,1200,True,644,0.010351041666666666,0.012858436853002071,21,-13.98542918385454,1.2748341365901688,80.51256979079474,11.368891470967299,20,blend
IMG_00105.tif,test,video:tif:800x1200,800,1200,True,486,0.010867708333333333,0.01788923182441701,22,-13.753972004758058,1.6981485847407765,80.22171471335672,10.748740361041797,21,blend
IMG_00106.tif,test,video:tif:644x1088,644,1088,True,614,0.018031261417610522,0.01891226767579996,27,-11.56320354885606,1.5980343930499092,94.13774850633409,11.680444623600344,28,blend
IMG_00107.tif,test,video:tif:644x1088,644,1088,True,614,0.01791851251370113,0.018794009867790763,27,-11.557500371966722,1.5107574567043258,94.17065959506564,11.918964505749088,28,blend
IMG_00108.tif,test,video:tif:644x1088,644,1088,True,614,0.018071223054439166,0.01895418183560069,26,-11.562867750314378,1.5032683393691118,98.60652300027701,11.911895232554807,27,blend
IMG_00109.tif,test,video:tif:644x1088,644,1088,True,614,0.018169699945195468,0.019057470300823914,26,-11.733193481021296,1.5421155525737937,99.4158651645367,11.732521883126868,26,blend
IMG_00110.tif,test,video:tif:644x1088,644,1088,True,614,0.018189680763609793,0.019078427380724277,28,-11.535738514941151,1.56507228070513,92.36317314420428,11.62790394495729,28,blend
IMG_00111.tif,test,video:tif:644x1088,644,1088,True,488,0.013776774296675192,0.018180825096432016,24,-13.161509905644985,1.4612537427026302,72.5514596303304,14.561589294732437,24,blend
IMG_00112.tif,test,video:tif:644x1088,644,1088,True,488,0.014092185787358422,0.018597064850530375,24,-13.46703623710759,1.4016062686305233,73.16874663035075,14.612816773415936,24,blend
IMG_00113.tif,test,video:tif:644x1088,644,1088,True,486,0.01438761645962733,0.019065072016460904,24,-13.401057744058685,1.0837852014603628,75.72876660029094,12.917182910189089,24,blend
IMG_00114.tif,test,video:tif:644x1088,644,1088,True,486,0.014040806540007307,0.018605513192931494,22,-13.279603535587166,1.2951719925641214,79.59759850935502,12.942313314451635,22,blend
IMG_00115.tif,test,video:tif:644x1088,644,1088,True,486,0.013616927749360614,0.018043830186395545,22,-13.348180451728751,1.351468911252379,77.00344454158436,12.904249575390741,22,blend
IMG_00116.tif,test,video:tif:644x1088,644,1088,True,558,0.017180649433686516,0.019828563145688382,29,-11.873056923255088,4.450878381655752,96.5567385574867,10.084498098566778,11,blend
IMG_00117.tif,test,video:tif:644x1088,644,1088,True,550,0.01625582298136646,0.01903409090909091,28,-14.202511394747145,2.459289426650951,89.38262980324882,10.685582271995584,7,blend
IMG_00118.tif,test,video:tif:644x1088,644,1088,True,551,0.015653544026306174,0.01829561225579161,28,-13.883619412099243,2.2322123745714304,81.50244515282768,9.765843336994948,5,blend
IMG_00119.tif,test,video:tif:644x1088,644,1088,True,549,0.011984209444647424,0.01405797974927676,17,-14.507566979822213,1.8002164215516476,97.94439169939827,8.80347839369059,3,blend
IMG_00120.tif,test,video:tif:644x1088,644,1088,True,625,0.01529959810010961,0.01576470588235294,25,-12.43407004155587,3.599929140119265,93.73688835144043,9.366877053823725,8,blend
IMG_00121.tif,test,video:tif:644x1088,644,1088,True,552,0.01816684554256485,0.021194653132992326,31,-11.021622929597164,1.5414396512051542,96.84769144365865,10.477252917732004,31,blend
IMG_00122.tif,test,video:tif:644x1088,644,1088,True,552,0.018091203872853488,0.02110640451832907,30,-11.46956086694054,1.548731679115166,99.16268294652303,10.995541478983393,32,blend
IMG_00123.tif,test,video:tif:644x1088,644,1088,True,552,0.017323369565217392,0.020210597826086956,29,-11.362765781046948,1.3557971933592743,99.39904995622307,10.978038249585794,30,blend
IMG_00124.tif,test,video:tif:644x1088,644,1088,True,552,0.018025552612349286,0.021029811381074168,28,-11.16694234843674,1.2659336781464772,106.14813467434475,10.961980027331261,29,blend
IMG_00125.tif,test,video:tif:644x1088,644,1088,True,553,0.016902345177201315,0.019683743750664822,30,-10.966137779432488,1.6197255037266416,95.5954480489095,10.572676827990744,30,blend
IMG_00126.tif,test,video:tif:644x1088,644,1088,True,302,0.012543672360248448,0.026748758278145695,19,-14.590351285292895,1.337758071148988,91.25836884348016,11.558432859044643,20,blend
IMG_00127.tif,test,video:tif:644x1088,644,1088,True,301,0.013134533704786263,0.028101793042798515,19,-14.659530588249737,1.0283055377171983,97.00349526656301,11.602521923379635,19,blend
IMG_00128.tif,test,video:tif:644x1088,644,1088,True,302,0.013031775210084034,0.027789613361901052,19,-14.385952975231174,0.9032125785067446,96.10608713250411,11.622896397785128,19,blend
IMG_00129.tif,test,video:tif:644x1088,644,1088,True,302,0.012580779594446475,0.026827887611998443,20,-14.29321473929751,0.9222578133043129,88.18645496368408,11.323775949672552,20,blend
IMG_00130.tif,test,video:tif:644x1088,644,1088,True,302,0.013628345359883083,0.02906176957537982,23,-14.422675622287251,1.6276465983482602,83.36519701584525,11.86661380604221,23,blend
IMG_00131.tif,test,video:tif:644x1088,644,1088,True,514,0.01707503653635367,0.021393625543602655,22,-14.107795052210227,1.722517533739734,105.87722691622648,11.99581652815258,22,blend
IMG_00132.tif,test,video:tif:644x1088,644,1088,True,515,0.016238696565582755,0.02030625356938892,22,-14.935582662254975,1.5730292097832308,100.29605635729703,12.669604934202216,22,blend
IMG_00133.tif,test,video:tif:644x1088,644,1088,True,518,0.015957537906466934,0.019839101181012946,22,-15.059952713767794,1.7286257899519333,98.41964990442449,12.831630180390821,22,blend
IMG_00134.tif,test,video:tif:644x1088,644,1088,True,517,0.01598180032882718,0.019907697121401752,19,-15.048170204983325,1.7963897155341577,115.13780483446624,12.786261531113407,19,blend
IMG_00135.tif,test,video:tif:644x1088,644,1088,True,405,0.015536513518450859,0.024704974582425564,17,-15.744911358770151,1.092255601347004,124.55394144619213,13.138029069784798,17,blend
IMG_00136.tif,test,video:tif:644x1088,644,1088,True,611,0.02137662130069419,0.022531168768653125,26,-16.691936490824492,1.9150541387069042,109.69477198674129,12.805051883071048,26,blend
IMG_00137.tif,test,video:tif:644x1088,644,1088,True,611,0.020393279594446475,0.021494716953884663,28,-16.55837900312713,1.579869585085036,97.67167098181588,12.489916923079821,29,blend
IMG_00138.tif,test,video:tif:644x1088,644,1088,True,611,0.020820012787723784,0.021944497930104938,26,-16.450849231780474,1.6679951635193104,105.26350534879245,12.671487630537671,27,blend
IMG_00139.tif,test,video:tif:644x1088,644,1088,True,611,0.02038899799050055,0.021490204101280448,26,-16.461713343637488,1.6123514249284572,103.72109347123366,12.982692605622876,26,blend
IMG_00140.tif,test,video:tif:644x1088,644,1088,True,611,0.01946702594081111,0.020518436507172427,24,-16.66499645189569,1.3025175598879848,106.98411552111308,12.175639706219453,24,blend
IMG_00141.tif,test,video:tif:644x1088,644,1088,True,410,0.034465484563390575,0.05413602941176471,33,-13.085390766862611,2.13786835675117,140.2540039293694,11.19469946079893,33,blend
IMG_00142.tif,test,video:tif:644x1088,644,1088,True,410,0.0337661559188893,0.05303757173601148,37,-12.860059909589664,2.074741636698116,122.41321893640466,11.038365197308469,37,blend
IMG_00143.tif,test,video:tif:644x1088,644,1088,True,412,0.03323095542564852,0.05194353226727584,38,-12.808378070515044,1.9659658104047848,118.08486687509637,11.132603752408814,38,blend
IMG_00144.tif,test,video:tif:644x1088,644,1088,True,412,0.03235465381804896,0.05057377926898915,37,-13.093663986677612,2.058044434054084,118.03434995702796,11.27514338397128,37,blend
IMG_00145.tif,test,video:tif:644x1088,644,1088,True,413,0.030757615546218486,0.04796102763139154,35,-12.727494476819073,1.9343211018375541,118.4128859928676,11.28574434544014,37,blend
IMG_00146.tif,test,video:tif:800x1200,800,1200,True,572,0.009603125,0.013430944055944055,16,-10.833083443773715,0.8697287715342474,108.71984326839447,,0,no usable fascicle fragments
IMG_00147.tif,test,video:tif:800x1200,800,1200,True,573,0.011375,0.01588132635253054,15,-10.637485543531726,0.754771421332924,130.2287399291992,,0,no usable fascicle fragments
IMG_00148.tif,test,video:tif:800x1200,800,1200,True,575,0.010278125,0.0143,21,-10.126916692992511,1.1567257140221727,85.36376489911761,,0,no usable fascicle fragments
IMG_00149.tif,test,video:tif:800x1200,800,1200,True,577,0.0100375,0.013867706528018487,16,-10.541817540325884,1.5408560955003452,108.3723955154419,,0,no usable fascicle fragments
IMG_00150.tif,test,video:tif:800x1200,800,1200,True,572,0.011242708333333334,0.0157240675990676,21,-10.460901664195655,1.0310236792666174,89.3556554431007,,0,no usable fascicle fragments
IMG_00151.tif,test,video:tif:800x1200,800,1200,True,533,0.010805208333333333,0.016197623514696686,15,-8.531242824020485,1.8491819473098836,129.46848208109537,10.16563357364103,15,trig
IMG_00152.tif,test,video:tif:800x1200,800,1200,True,533,0.010852083333333333,0.016264853033145715,16,-8.532763967008993,1.8895989961073512,122.0323555469513,10.221539038567556,16,trig
IMG_00153.tif,test,video:tif:800x1200,800,1200,True,533,0.010648958333333333,0.015964665415884927,13,-8.427563369825481,1.3582423787431086,144.82745067889874,10.095930614154394,13,trig
IMG_00154.tif,test,video:tif:800x1200,800,1200,True,532,0.010623958333333332,0.015960213032581452,15,-8.432883821535013,1.2730122992637334,127.30217297871907,10.187791212047959,15,trig
IMG_00155.tif,test,video:tif:800x1200,800,1200,True,531,0.010758333333333333,0.016184871311989955,15,-8.420360059304848,1.391893553475847,127.57340100606282,10.203888393097662,15,trig
IMG_00156.tif,test,video:tif:800x1200,800,1200,True,563,0.00545,0.007702782711663706,6,-12.108968609536321,0.39889158731162766,153.16306432088217,,0,no usable fascicle fragments
IMG_00157.tif,test,video:tif:800x1200,800,1200,True,559,0.0056614583333333334,0.008096302921884317,7,-12.016849681107264,0.3848912012173873,139.99458857945032,,0,no usable fascicle fragments
IMG_00158.tif,test,video:tif:800x1200,800,1200,True,558,0.005725,0.008185483870967743,7,-11.981007147534271,0.44969359068848824,142.05919919695174,11.802299711689487,7,blend
IMG_00159.tif,test,video:tif:800x1200,800,1200,True,557,0.005642708333333333,0.008104428485936566,7,-11.972351815156474,0.8207598729654286,139.92470768519811,11.8665684998501,7,blend
IMG_00160.tif,test,video:tif:800x1200,800,1200,True,558,0.005540625,0.007943548387096775,7,-11.961367440099314,0.9943812902322104,138.59202739170618,11.883383355967853,7,blend
IMG_00161.tif,test,video:tif:800x1200,800,1200,True,507,0.014754166666666667,0.02319526627218935,16,-8.736671970580819,1.6052981237504556,149.05087566375732,9.965475611591332,15,blend
IMG_00162.tif,test,video:tif:800x1200,800,1200,True,506,0.014595833333333334,0.023059947299077736,15,-8.760878477198508,1.450144548152065,158.02314224243165,10.140611548737041,15,blend
IMG_00163.tif,test,video:tif:800x1200,800,1200,True,506,0.015072916666666667,0.023736824769433465,16,-8.78663605896497,1.4695194117224601,155.92610144615173,10.278686967812144,15,blend
IMG_00164.tif,test,video:tif:800x1200,800,1200,True,506,0.014632291666666667,0.023045125164690382,17,-8.68923330584914,1.8353484989365576,143.73637883803423,10.558861479714096,16,blend
IMG_00165.tif,test,video:tif:800x1200,800,1200,True,506,0.014598958333333334,0.023033596837944665,15,-8.920309370904947,1.6041503342739585,160.76544710795085,10.517211294191728,15,blend
IMG_00166.tif,test,video:tif:800x1200,800,1200,True,432,0.009516666666666666,0.017623456790123455,17,-9.936551372262722,2.917254336930834,105.83343595616958,11.379300241957331,18,blend
IMG_00167.tif,test,video:tif:800x1200,800,1200,True,433,0.011317708333333334,0.020910315627405696,19,-10.313739877530312,2.6408963786437267,108.29969938177811,13.636754743629634,18,blend
IMG_00168.tif,test,video:tif:800x1200,800,1200,True,435,0.01149375,0.02113793103448276,16,-9.357942712948214,2.434641388551345,117.6525491476059,11.399620278053703,16,blend
IMG_00169.tif,test,video:tif:800x1200,800,1200,True,433,0.010776041666666666,0.019899923017705927,17,-9.28944196520582,2.212056240006021,110.78444531384636,11.628300467574439,17,blend
IMG_00170.tif,test,video:tif:800x1200,800,1200,True,432,0.0107125,0.019837962962962963,17,-10.25145851645576,2.503560141238493,116.22673461016487,12.360142770398408,18,blend
IMG_00171.tif,test,video:tif:800x1200,800,1200,True,448,0.018422916666666667,0.02648065476190476,27,-10.425379846813943,3.9422396072141783,131.52443348919903,12.678860194176972,24,blend
IMG_00172.tif,test,video:tif:800x1200,800,1200,True,449,0.018491666666666667,0.026688938381588714,25,-10.392137090162374,3.741765854214627,139.53842895507813,12.732498172463751,21,blend
IMG_00173.tif,test,video:tif:800x1200,800,1200,True,449,0.018970833333333333,0.027683741648106903,26,-10.566286438207488,3.8201316833778076,137.18470998910757,13.300880499613726,22,blend
IMG_00174.tif,test,video:tif:800x1200,800,1200,True,448,0.019460416666666668,0.028074776785714285,24,-10.679654758588438,3.826327947630033,152.07269954681396,13.658895120923573,20,blend
IMG_00175.tif,test,video:tif:800x1200,800,1200,True,448,0.019384375,0.027728794642857144,24,-10.74955853825302,3.6070395578006336,152.11613496144614,13.604574106283719,21,blend
IMG_00176.tif,test,video:tif:800x1200,800,1200,True,413,0.0067083333333333335,0.012994350282485875,9,-14.39922727766196,1.781093286498404,112.63695780436198,11.09395142513834,10,blend
IMG_00177.tif,test,video:tif:800x1200,800,1200,True,413,0.006575,0.012736077481840193,10,-14.380220774218511,1.793675199001056,100.13323040008545,11.717518298137279,10,blend
IMG_00178.tif,test,video:tif:800x1200,800,1200,True,413,0.006746875,0.013069007263922518,8,-15.167555811078863,1.2793743692424036,128.33669900894165,11.404497629744275,8,blend
IMG_00179.tif,test,video:tif:800x1200,800,1200,True,413,0.0068739583333333335,0.013315173527037934,9,-14.511646400249536,1.5568705901917994,118.02228715684679,11.360579379169975,9,blend
IMG_00180.tif,test,video:tif:800x1200,800,1200,True,413,0.006853125,0.013274818401937045,8,-14.834863323888253,1.1363637765476744,128.4795536994934,11.255431640901563,8,blend
IMG_00181.tif,test,video:tif:800x1200,800,1200,True,473,0.006497916666666667,0.010990133897110642,11,-12.971516647297527,1.4840833735609653,97.11223012750798,13.281075160964969,11,blend
IMG_00182.tif,test,video:tif:800x1200,800,1200,True,473,0.006672916666666666,0.011286116983791403,12,-13.730654228082477,1.5856754032670688,93.17561515172322,13.490001615367515,12,blend
IMG_00183.tif,test,video:tif:800x1200,800,1200,True,474,0.006626041666666666,0.011183192686357243,12,-13.755131418720815,1.6747600909650568,92.08106470108032,13.699972884053272,13,blend
IMG_00184.tif,test,video:tif:800x1200,800,1200,True,472,0.0069791666666666665,0.01182909604519774,15,-13.527467824561475,1.620597935252853,78.09930038452148,13.903174355915024,15,blend
IMG_00185.tif,test,video:tif:800x1200,800,1200,True,471,0.0074958333333333335,0.01273177636234961,15,-14.064698273128325,1.2887428999350306,82.25109252929687,13.428553370675473,15,blend
IMG_00186.tif,test,video:tif:800x1200,800,1200,True,450,0.01915,0.03404444444444445,28,-7.272887362586755,1.8473370703173315,131.23228195735388,7.652545250152288,28,blend
IMG_00187.tif,test,video:tif:800x1200,800,1200,True,442,0.019448958333333332,0.03520173453996983,29,-7.372974624957555,1.9463336966629532,127.8938993914374,7.772903897336656,29,blend
IMG_00188.tif,test,video:tif:800x1200,800,1200,True,442,0.019689583333333333,0.035637254901960784,29,-7.489883022970006,1.9557080493467014,131.28930598291856,7.789428057775384,29,blend
IMG_00189.tif,test,video:tif:800x1200,800,1200,True,442,0.0196625,0.03558823529411765,29,-7.214152077398153,1.8311258716471936,129.33299235639902,7.7709458627591195,29,blend
IMG_00190.tif,test,video:tif:800x1200,800,1200,True,441,0.0196875,0.03571428571428571,32,-7.979239283154707,1.5311553397499482,118.72807094454765,8.538799533255148,32,blend
IMG_00191.tif,test,video:tif:800x1200,800,1200,True,503,0.020816666666666667,0.033108018555334656,27,-7.315686155165091,1.4398503893177121,145.43362370243779,12.556656408051875,27,blend
IMG_00192.tif,test,video:tif:800x1200,800,1200,True,504,0.021109375,0.03350694444444444,28,-6.9899470226569616,1.5254970243123394,142.27509123938424,12.225944845892805,28,blend
IMG_00193.tif,test,video:tif:800x1200,800,1200,True,504,0.021630208333333335,0.03433366402116402,30,-7.001362118055649,1.2891604179126253,136.0042516072591,12.698191340636807,30,blend
IMG_00194.tif,test,video:tif:800x1200,800,1200,True,504,0.021438541666666668,0.034029431216931215,29,-6.8492846541429895,1.394843780731863,139.8606381251894,12.464232866575584,29,blend
IMG_00195.tif,test,video:tif:800x1200,800,1200,True,504,0.021434375,0.03402281746031746,29,-6.760619441175271,1.3127304189409923,139.54244903038287,12.454382822767368,29,blend
IMG_00196.tif,test,still:tif:800x1200,800,1200,True,346,0.0167,0.03861271676300578,29,15.40912898407079,1.5287195326386929,103.40692730607658,15.522055295851091,29,blend
IMG_00197.tif,test,still:tif:800x1200,800,1200,True,398,0.009463541666666667,0.01902219430485762,18,10.288518906028557,2.4262841085739764,101.02998892466228,14.441704169368872,19,blend
IMG_00198.tif,test,still:tif:800x1200,800,1200,True,344,0.012683333333333333,0.02949612403100775,31,-11.122814613097304,1.5421549265984567,90.37921967044953,13.405557947258483,29,blend
IMG_00199.tif,test,still:tif:800x1200,800,1200,True,376,0.00786875,0.016742021276595746,20,-10.965756080476911,3.3650681365409483,84.10093107223511,,0,no usable fascicle fragments
IMG_00200.tif,test,still:tif:800x1200,800,1200,True,338,0.014764583333333333,0.034945759368836295,23,-15.580010099490304,1.353935618139321,114.47797592826511,16.205703095741224,23,blend
IMG_00201.tif,test,still:tif:800x1200,800,1200,True,324,0.027903125,0.0688966049382716,40,12.159718364060078,1.181593316610753,141.88540720939636,12.342650618372446,40,blend
IMG_00202.tif,test,still:tif:800x1200,800,1200,True,459,0.018405208333333332,0.03207879448075526,29,10.10607535132453,1.7099598240537333,136.209094211973,15.080191896444639,30,blend
IMG_00203.tif,test,still:tif:800x1200,800,1200,True,354,0.023296875,0.052648305084745765,38,11.258973476287085,1.193872170741419,122.0391496106198,14.752828679710502,39,blend
IMG_00204.tif,test,still:tif:800x1200,800,1200,True,398,0.009214583333333333,0.01852177554438861,24,8.74753670129576,3.5317423702106323,83.59500368436177,14.794185741154408,23,blend
IMG_00205.tif,test,still:tif:800x1200,800,1200,True,349,0.016821875,0.03856017191977077,25,12.599672867870634,1.1703100789343903,126.54126209259033,12.006395205155904,26,blend
IMG_00206.tif,test,still:tif:800x1200,800,1200,True,341,0.009879166666666666,0.022575757575757575,20,9.987956889238529,1.3504193346456157,103.78824958801269,13.809110861161603,22,blend
IMG_00207.tif,test,still:tif:800x1200,800,1200,True,324,0.017984375,0.04440586419753086,18,10.080597251870346,1.0204839210854706,184.04775661892361,16.03596331807178,19,blend
IMG_00208.tif,test,still:tif:800x1200,800,1200,True,383,0.014280208333333334,0.02982811140121845,31,10.850020918477089,1.476365527956922,97.38825256593766,13.558025999158723,33,blend
IMG_00209.tif,test,still:tif:800x1200,800,1200,True,396,0.0038614583333333335,0.0078009259259259256,13,15.836336108367075,1.80011237396835,66.75749822763296,17.93885750723783,13,blend
IMG_00210.tif,test,still:tif:800x1200,800,1200,True,407,0.006154166666666666,0.012096642096642097,22,9.640033675497813,0.9680781430666947,67.73895471746272,11.149082421073217,22,blend
IMG_00211.tif,test,still:tif:800x1200,800,1200,True,408,0.0115875,0.022720588235294117,25,13.002722470242738,1.9569045231713424,99.05067916870117,19.02400571994669,26,blend
IMG_00212.tif,test,still:tif:800x1200,800,1200,True,307,0.008517708333333334,0.022195982627578718,20,19.864268423557775,1.346389389464635,80.39900093078613,21.549757380929805,20,blend
IMG_00213.tif,test,still:tif:800x1200,800,1200,True,453,0.009259375,0.016352097130242826,17,11.365687757986144,1.5179822471215,109.53285127527573,12.992344245950425,17,blend
IMG_00214.tif,test,still:tif:800x1200,800,1200,True,472,0.014916666666666667,0.025282485875706216,34,12.159324338511096,1.3702263727497677,89.95337545170503,12.858067078327167,34,blend
IMG_00215.tif,test,still:tif:800x1200,800,1200,True,468,0.011846875,0.020251068376068375,20,13.154317112607764,1.1548008500012017,102.89329752922058,19.853468719483118,20,blend
IMG_00216.tif,test,still:tif:800x1200,800,1200,True,415,0.011822916666666667,0.02279116465863454,26,17.134434087421425,1.440296859242702,83.00232740548941,16.1880277096357,27,blend
IMG_00217.tif,test,still:tif:800x1200,800,1200,True,483,0.013871875,0.022976190476190476,32,11.78031591226624,1.564710485174408,90.18214130401611,14.982224203123732,32,blend
IMG_00218.tif,test,still:tif:800x1200,800,1200,True,352,0.010847916666666667,0.023913352272727274,28,9.753975815325582,1.9038102800736372,87.27116319111416,12.831677405365967,27,blend
IMG_00219.tif,test,still:tif:800x1200,800,1200,True,518,0.014267708333333334,0.022035070785070787,21,18.57657061484954,1.5475983532940987,115.85964711507161,20.41249064465335,21,blend
IMG_00220.tif,test,still:tif:800x1200,800,1200,True,409,0.024990625,0.04888141809290954,41,12.50664303873362,1.054820372789333,119.86793960013041,16.40065553532729,42,blend
IMG_00221.tif,test,still:tif:800x1200,800,1200,True,392,0.023386458333333332,0.04772746598639456,39,9.490594546978137,1.4534920550676649,123.31992706885704,10.352411198661153,38,blend
IMG_00222.tif,test,still:tif:800x1200,800,1200,True,524,0.02260208333333333,0.034506997455470735,30,15.676808567061185,0.9632468840246631,132.28487790425618,17.156060995991947,31,blend
IMG_00223.tif,test,still:tif:800x1200,800,1200,True,332,0.007957291666666666,0.019174196787148594,16,10.558614869816733,2.042062162905858,103.82269299030304,13.586497719325873,16,blend
IMG_00224.tif,test,still:tif:800x1200,800,1200,True,344,0.00826875,0.019229651162790698,17,13.679214302675348,1.043512542603107,98.2748861873851,17.409121543035813,18,blend
IMG_00225.tif,test,still:tif:800x1200,800,1200,True,395,0.020917708333333333,0.042364978902953584,28,12.063188909689238,1.968705436893159,149.5488450186593,11.78959693067927,28,blend
IMG_00226.tif,test,still:tif:800x1200,800,1200,True,477,0.010228125,0.017154088050314466,22,10.16626612720609,1.207968247321805,105.72641338001598,18.42673826871707,22,blend
IMG_00227.tif,test,still:tif:800x1200,800,1200,True,534,0.010240625,0.015341760299625468,21,18.583974762141747,1.7911653497962838,94.60983621506463,22.081120738229146,21,blend
IMG_00228.tif,test,still:tif:800x1200,800,1200,True,358,0.017614583333333333,0.039334264432029795,29,-12.444875823216089,1.2925386692874206,125.74384768255825,10.38935783641904,29,blend
IMG_00229.tif,test,still:tif:800x1200,800,1200,True,391,0.007933333333333334,0.016231884057971015,19,-10.137660287455931,3.86733184996255,96.1151815715589,10.766165192427819,17,blend
IMG_00230.tif,test,still:tif:800x1200,800,1200,True,332,0.011954166666666667,0.028805220883534138,24,-15.343246818195308,1.838616485963068,90.14938735961914,18.190545673882163,24,blend
IMG_00231.tif,test,still:tif:800x1200,800,1200,True,379,0.015952083333333332,0.033671943711521546,25,-12.862537026582205,0.9525013229523349,129.94306686401367,13.62384552247728,25,blend
IMG_00232.tif,test,still:tif:800x1200,800,1200,True,423,0.012948958333333333,0.024489755713159967,29,-14.018603543478225,1.4963704526661967,90.34331775533742,13.74224107179186,30,blend
IMG_00233.tif,test,still:tif:800x1200,800,1200,True,440,0.0038322916666666666,0.00696780303030303,9,-13.874589092971439,0.6439927556114338,94.82611465454102,18.83542536962742,9,blend
IMG_00234.tif,test,still:tif:800x1200,800,1200,True,273,0.008586458333333333,0.02516178266178266,14,16.116851338255714,2.8164557015456797,111.44087246486119,17.108658710644686,15,blend
IMG_00235.tif,test,still:tif:800x1200,800,1200,True,327,0.016985416666666666,0.04155453618756371,27,18.00538101916389,1.965721208183414,96.48587530630606,16.702907965822966,28,blend
IMG_00236.tif,test,still:tif:800x1200,800,1200,True,399,0.011371875,0.02280075187969925,23,10.611130137801684,1.6207612383163443,106.52199712006941,14.569362055283243,22,blend
IMG_00237.tif,test,still:tif:800x1200,800,1200,True,395,0.0128125,0.025949367088607594,23,19.865052882946983,1.8778784541341302,96.57251714623493,23.44350386884183,23,blend
IMG_00238.tif,test,still:tif:800x1200,800,1200,True,423,0.015976041666666666,0.030214736012608354,37,11.04227474078316,2.231695622593165,96.82023079330857,14.869120468596599,38,blend
IMG_00239.tif,test,still:tif:800x1200,800,1200,True,357,0.013567708333333333,0.030403828197945845,32,8.984737657653149,1.5990742258703325,92.45856416225433,11.606801143486454,33,blend
IMG_00240.tif,test,still:tif:800x1200,800,1200,True,363,0.014639583333333333,0.03226354453627181,19,16.014423415150155,1.1229593686442954,130.08377396432977,18.806683299726785,19,blend
IMG_00241.tif,test,still:tif:800x1200,800,1200,True,419,0.018888541666666668,0.03606404136833731,35,9.916846484076645,0.7928143129492167,112.7176377432687,11.84617197455287,35,blend
IMG_00242.tif,test,still:tif:800x1200,800,1200,True,338,0.007864583333333333,0.01861439842209073,16,18.613348643109752,1.68912522657158,88.78005385398865,24.121484467802155,16,blend
IMG_00243.tif,test,still:tif:800x1200,800,1200,True,345,0.007138541666666666,0.016553140096618357,19,-17.71144723057263,1.5901549156669077,78.90444886057,18.825876836059532,19,blend
IMG_00244.tif,test,still:tif:800x1200,800,1200,True,379,0.019408333333333333,0.0409674582233949,25,-11.117305175461121,1.6642068153118625,152.61064376831055,9.496052957619595,27,blend
IMG_00245.tif,test,still:tif:800x1200,800,1200,True,439,0.013405208333333333,0.02442862566438876,29,8.817226615394862,2.4898141907874987,95.30072889656856,12.99858798074727,30,blend
IMG_00246.tif,test,still:tif:800x1200,800,1200,True,368,0.014491666666666667,0.0315036231884058,31,-15.051906337525159,1.3334823158542566,94.41075651107296,18.9087729958231,32,blend
IMG_00247.tif,test,still:tif:800x1200,800,1200,True,580,0.013654166666666667,0.018833333333333334,27,-12.518016013836107,1.2272689273098951,105.6077350333885,13.173997019354795,27,blend
IMG_00248.tif,test,still:tif:800x1200,800,1200,True,357,0.008991666666666667,0.02014939309056956,27,-12.847908942513074,1.502611720304067,72.43990375377514,15.824015951307489,27,blend
IMG_00249.tif,test,still:tif:800x1200,800,1200,True,325,0.009907291666666667,0.024387179487179486,22,-15.028051059242522,0.8918830806689382,86.26605068553577,19.568352709213002,22,blend
IMG_00250.tif,test,still:tif:800x1200,800,1200,True,497,0.009222916666666667,0.014845741113346748,25,-10.999166739855642,1.6406629161637305,85.44508064270019,15.1888769286622,25,blend
IMG_00251.tif,test,still:tif:800x1200,800,1200,True,294,0.009904166666666667,0.026950113378684807,17,17.81507320373557,1.6609112491326812,102.77850756925694,22.86256751504407,17,blend
IMG_00252.png,test,still:png:800x1200,800,1200,True,467,0.004734375,0.008110278372591007,11,13.42875921265328,1.2533682096311676,62.921063683249734,14.298426816941767,11,blend
IMG_00253.png,test,still:png:800x1200,800,1200,True,524,0.00396875,0.006059160305343512,10,10.464040961271245,2.0262677184979907,73.37189865112305,19.68319800850025,9,blend
IMG_00254.png,test,still:png:800x1200,800,1200,True,427,0.009113541666666667,0.01707455113192818,10,16.797531584077653,0.8268248846595441,138.87090702056884,15.135421164290864,10,blend
IMG_00255.png,test,still:png:800x1200,800,1200,True,498,0.015914583333333333,0.025565595716198125,20,20.30025013837764,1.8829043663378133,113.84319286346435,18.542817743474664,20,blend
IMG_00256.png,test,still:png:800x1200,800,1200,True,424,0.006615625,0.012482311320754717,14,12.176131707517015,2.101284699176867,73.45107759748187,19.831088060852665,14,blend
IMG_00257.png,test,still:png:800x1200,800,1200,True,399,0.012857291666666666,0.025779030910609856,16,19.57611590933381,0.7755021176363961,119.94918894767761,22.232489107288252,16,blend
IMG_00258.png,test,still:png:800x1200,800,1200,True,391,0.014602083333333333,0.029876385336743392,17,21.86883891009954,2.441441720627896,105.87961511050953,26.98143523124147,17,blend
IMG_00259.png,test,still:png:800x1200,800,1200,True,305,0.0039520833333333335,0.010366120218579236,12,20.453683070167614,1.1794129399242834,51.456621170043945,23.99202311052326,12,blend
IMG_00260.png,test,still:png:800x1200,800,1200,True,517,0.007641666666666666,0.011824629271437782,16,16.292230261778627,1.3633915333305673,76.73923420906067,19.21669830349815,16,blend
IMG_00261.png,test,still:png:800x1200,800,1200,True,490,0.006046875,0.009872448979591837,12,9.133228472219091,2.7579326588955206,85.29880777994792,14.703061583221091,11,blend
IMG_00262.png,test,still:png:800x1200,800,1200,True,392,0.011811458333333334,0.02410501700680272,25,18.873306032023052,1.447290608810377,77.75513732910156,16.713282970969217,26,blend
IMG_00263.png,test,still:png:800x1200,800,1200,True,456,0.009979166666666667,0.017507309941520468,11,13.072984678760948,0.6201773332144533,141.01009993119672,13.478955280819312,12,blend
IMG_00264.png,test,still:png:800x1200,800,1200,True,377,0.011397916666666667,0.024186560565870912,17,19.595466541560764,1.1073355045698001,86.31340801014619,27.496961531321617,17,blend
IMG_00265.png,test,still:png:800x1200,800,1200,True,413,0.011548958333333333,0.02237086359967716,18,20.226702603619593,2.107697878002334,91.973631117079,22.49779595857594,18,blend
IMG_00266.png,test,still:png:800x1200,800,1200,True,278,0.011154166666666666,0.03209832134292566,22,18.480660152506214,2.248257320176206,77.72230226343328,24.570397877881202,22,blend
IMG_00267.png,test,still:png:800x1200,800,1200,True,327,0.019248958333333333,0.04709225280326198,19,19.240306942611774,1.7438935721119364,128.34686992042944,19.085404399856532,19,blend
IMG_00268.png,test,still:png:800x1200,800,1200,True,342,0.008592708333333334,0.020099902534113062,22,13.705639136488925,2.7554325112311684,65.01228159124202,15.692319530164545,23,blend
IMG_00269.png,test,still:png:800x1200,800,1200,True,417,0.015734375,0.030185851318944842,24,15.612414899540731,1.3873708530936604,99.67223326365153,16.68051786892446,24,blend
IMG_00270.png,test,still:png:800x1200,800,1200,True,391,0.012134375,0.024827365728900257,19,20.30778748080155,1.5900887044839536,88.83312907971833,23.45541445633486,19,blend
IMG_00271.png,test,still:png:800x1200,800,1200,True,458,0.008341666666666667,0.014570596797671033,13,17.678859230964022,3.2773127241078726,81.68622391040509,14.951781919797074,13,blend
IMG_00272.png,test,still:png:800x1200,800,1200,True,547,0.005369791666666667,0.007853443022547228,11,9.372083908600317,2.653952996711965,75.68972483548251,19.252484584936152,9,blend
IMG_00273.png,test,still:png:800x1200,800,1200,True,393,0.010691666666666667,0.02176420695504665,18,20.19266926544951,1.8086593731732208,79.41285006205241,23.603994019567704,19,blend
IMG_00274.png,test,still:png:800x1200,800,1200,True,348,0.009413541666666667,0.021640325670498083,18,-15.681777428155616,1.363762193781156,77.87646463182237,15.914404929972186,18,blend
IMG_00275.png,test,still:png:800x1200,800,1200,True,319,0.004790625,0.012014106583072101,10,-19.71697910005571,2.5483525366986477,60.82344093322754,30.124557013198782,10,blend
IMG_00276.png,test,still:png:800x1200,800,1200,True,537,0.014857291666666666,0.02213376784605835,25,15.608175566298716,1.560312957165614,101.21342346191406,15.158647358234392,26,blend
IMG_00277.png,test,still:png:800x1200,800,1200,True,424,0.00804375,0.01517688679245283,18,12.356251970749735,2.787707086980875,82.6815545823839,16.75695632448575,18,blend
IMG_00278.png,test,still:png:800x1200,800,1200,True,342,0.00716875,0.016769005847953218,20,-21.08530085658372,2.484523884788997,54.78274545669556,21.447858625738064,20,blend
IMG_00279.png,test,still:png:800x1200,800,1200,True,377,0.007215625,0.015311671087533157,14,-10.079169588302545,1.7940138982112144,98.97699901035854,13.705759130215771,14,blend
IMG_00280.png,test,still:png:800x1200,800,1200,True,503,0.007589583333333334,0.01207090788601723,12,-11.931313675731566,2.8921555512517543,108.0960488319397,15.694662893355652,14,blend
IMG_00281.png,test,still:png:800x1200,800,1200,True,292,0.00739375,0.020256849315068493,12,-18.46522142991433,0.7289037274146679,89.74817864100139,22.770009253577886,12,blend
IMG_00282.png,test,still:png:800x1200,800,1200,True,379,0.020564583333333334,0.043408091468777485,25,14.952764248829661,1.277549797552524,132.2747710800171,16.72748696532174,25,blend
IMG_00283.png,test,still:png:800x1200,800,1200,True,379,0.012280208333333334,0.025921284080914687,15,12.588511578471932,1.4722339808461875,126.91973813374837,20.66501613571401,15,blend
IMG_00284.png,test,still:png:800x1200,800,1200,True,305,0.009675,0.02537704918032787,21,-17.13379694570143,3.334538222709323,70.77383213951474,23.880576000056152,20,blend
IMG_00285.png,test,still:png:800x1200,800,1200,True,488,0.009764583333333333,0.016007513661202184,20,-14.480859062258407,2.656341924749407,87.77631611824036,19.453612811471253,20,blend
IMG_00286.png,test,still:png:800x1200,800,1200,True,585,0.004047916666666667,0.005535612535612536,10,-14.833115470812203,4.23219582725192,75.10280914306641,19.312113016495225,10,blend
IMG_00287.png,test,still:png:800x1200,800,1200,True,340,0.00159375,0.00375,7,-22.66962419618205,2.2978611351145553,36.43357385907854,28.83639712953897,7,blend
IMG_00288.png,test,still:png:800x1200,800,1200,True,340,0.015761458333333332,0.037085784313725494,20,19.366285586886377,2.961752950545632,98.31410365104675,17.676030352602268,20,blend
IMG_00289.png,test,still:png:800x1200,800,1200,True,313,0.008523958333333333,0.021786474973375932,13,-18.972616255633223,1.7262414758403999,97.82380705613356,18.60119454087076,13,blend
IMG_00290.png,test,still:png:800x1200,800,1200,True,399,0.00685625,0.013746867167919799,9,-18.962442179040966,0.6979525593039462,107.93276892768012,19.305274384029723,9,blend
IMG_00291.png,test,still:png:800x1200,800,1200,True,470,0.006447916666666667,0.010975177304964539,11,10.479310383728054,2.902507246344454,105.0031290921298,13.582481470779355,11,blend
IMG_00292.png,test,still:png:800x1200,800,1200,True,286,0.006490625,0.018155594405594406,15,-21.439588088196615,3.16406135503739,66.18842379252116,28.680795237255772,15,blend
IMG_00293.png,test,still:png:800x1200,800,1200,True,296,0.011648958333333334,0.03148367117117117,18,-14.003456742892489,1.6641296755593347,84.29746543036566,13.065038705323301,17,blend
IMG_00294.png,test,still:png:800x1200,800,1200,True,346,0.009320833333333334,0.021551059730250482,15,-12.997151364212039,1.8215687134606924,76.90527674357097,22.588498237732832,15,blend
IMG_00295.png,test,still:png:800x1200,800,1200,True,438,0.007610416666666666,0.013900304414003044,11,-20.8579078280695,1.5676172777729782,105.97021328319202,24.966127447698124,11,blend
IMG_00296.png,test,still:png:800x1200,800,1200,True,294,0.011069791666666667,0.0301218820861678,13,-13.634358525907954,1.4556674728900134,132.3556280869704,12.645551686417102,13,blend
IMG_00297.png,test,still:png:800x1200,800,1200,True,311,0.0065385416666666665,0.016283494105037512,15,-9.210012512710826,3.15643874571834,78.10011825561523,13.004652209569752,14,blend
IMG_00298.png,test,still:png:800x1200,800,1200,True,333,0.009513541666666667,0.022067067067067066,16,16.68338331841028,1.6420262908383423,73.93296539783478,22.12105548976904,15,blend
IMG_00299.png,test,still:png:800x1200,800,1200,True,478,0.007003125,0.01172071129707113,16,-18.976512901253564,1.3193035645197622,72.21105146408081,,0,no usable fascicle fragments
IMG_00300.png,test,still:png:800x1200,800,1200,True,313,0.00631875,0.016150159744408945,11,14.295017062656898,1.0099061469342896,96.08792703801936,14.86466778741971,11,blend
IMG_00301.png,test,still:png:800x1200,800,1200,True,496,0.013158333333333333,0.021223118279569894,22,-18.359217981466575,2.258500331889099,82.3814207423817,20.079983365237972,22,blend
IMG_00302.png,test,still:png:800x1200,800,1200,True,490,0.010555208333333333,0.01723299319727891,17,-12.264129694272404,0.6511217178902715,102.30469557818245,18.63888177949744,16,blend
IMG_00303.png,test,still:png:800x1200,800,1200,True,455,0.011441666666666666,0.020117216117216116,21,-10.224906792268722,1.7842786129238721,85.0441536676316,12.902586106627222,21,blend
IMG_00304.png,test,still:png:800x1200,800,1200,True,396,0.008678125,0.017531565656565655,15,19.09627597145454,2.7293452604558333,88.17905807495117,13.861425693063502,14,blend
IMG_00305.png,test,still:png:800x1200,800,1200,True,373,0.007770833333333334,0.016666666666666666,16,-15.946798334751893,2.1240346986995284,76.4407000541687,25.970727793218323,16,blend
IMG_00306.png,test,still:png:800x1200,800,1200,True,432,0.008280208333333334,0.015333719135802469,13,20.31898016159445,1.3797560259537711,91.61225861769456,,0,no usable fascicle fragments
IMG_00307.png,test,still:png:800x1200,800,1200,True,460,0.0062385416666666665,0.010849637681159421,9,14.967768918632832,3.6327938968979474,116.38200675116644,12.878410603148149,9,blend
IMG_00308.png,test,still:png:800x1200,800,1200,True,376,0.0035989583333333333,0.007657358156028369,10,23.28482770780436,3.569167396410183,59.037738704681395,29.600454504144373,10,blend
IMG_00309.png,test,still:png:800x1200,800,1200,True,405,0.005795833333333333,0.011448559670781892,12,20.51373335734082,1.7997003875441955,75.38573519388835,,0,no usable fascicle fragments
image_0003.tif,train,train:tif:800x1200,800,1200,True,392,0.006329166666666667,0.012916666666666667,14,-14.021297491933026,1.766612654967286,60.7140862601144,21.616412166607745,14,blend
image_0047.tif,train,train:tif:800x1200,800,1200,True,380,0.010730208333333333,0.022589912280701754,20,-14.856227201174093,0.8504813534503919,72.20862560272217,21.551224956340004,20,blend
image_0064.tif,train,train:tif:800x1200,800,1200,True,382,0.0108,0.02261780104712042,17,-14.850642843612698,1.8661388913191015,81.43747913136201,22.45098645827093,17,blend
image_0073.tif,train,train:tif:800x1200,800,1200,True,385,0.014977083333333334,0.031121212121212122,19,-14.274329704529352,1.0987194330887693,97.80440581472297,21.934194078018674,19,blend
image_0081.tif,train,train:tif:800x1200,800,1200,True,383,0.015589583333333334,0.03256309834638817,23,-15.415160669437642,0.8416499813528002,87.66343489937161,21.804154502930242,23,blend
image_0098.tif,train,train:tif:800x1200,800,1200,True,521,0.015088541666666667,0.023168586052463212,18,-16.20139865920772,1.438714471521175,109.26974232991536,25.309642061708107,19,blend
image_0124.tif,train,train:tif:800x1200,800,1200,True,386,0.016585416666666665,0.03437392055267703,23,-14.360599646986566,1.012272582542595,88.68420061857805,21.49686794126728,23,blend
image_0134.tif,train,train:tif:800x1200,800,1200,True,387,0.011395833333333332,0.023557278208440998,18,-13.42529267055611,1.2996541309513203,78.66508955425687,20.214625180624225,18,blend
image_0150.tif,train,train:tif:800x1200,800,1200,True,565,0.012184375,0.01725221238938053,19,-13.374474444721692,0.8975774564202119,81.5669150101511,21.791272991345796,19,blend
image_0153.tif,train,train:tif:800x1200,800,1200,True,388,0.01311875,0.027048969072164947,20,-13.641857578425782,1.0911294676174235,85.50825471878052,21.25812137057056,20,blend
image_0174.tif,train,train:tif:800x1200,800,1200,True,387,0.010930208333333333,0.022594745908699396,14,-14.810856381169966,1.5466377788324834,100.87915086746216,23.77820823105867,14,blend
image_0179.tif,train,train:tif:800x1200,800,1200,True,571,0.008128125,0.011387915936952715,12,-16.566715943884773,1.474326012343207,86.12368170420329,25.382471916871552,12,blend
image_0180.tif,train,train:tif:800x1200,800,1200,True,574,0.00829375,0.011559233449477352,12,-17.608033070127203,1.5234968119757015,85.37424278259277,,0,no usable fascicle fragments
image_0186.tif,train,train:tif:800x1200,800,1200,True,374,0.007939583333333333,0.01698306595365419,13,-16.832589417235013,1.8845825763152746,80.38366288405199,25.318644197280726,13,blend
image_0190.tif,train,train:tif:800x1200,800,1200,True,574,0.008832291666666667,0.012309814169570266,14,-18.431715189373627,0.7460537172882038,82.70494951520648,,0,no usable fascicle fragments
image_0193.tif,train,train:tif:800x1200,800,1200,True,371,0.006420833333333333,0.013845462713387241,13,-16.016051892241393,1.913734577110457,67.29741610013522,22.00125176151102,13,blend
image_0198.tif,train,train:tif:800x1200,800,1200,True,387,0.015046875,0.031104651162790698,21,-14.151387181919178,0.8562830384478683,91.89205423990886,21.739670440341033,21,blend
image_0199.tif,train,train:tif:800x1200,800,1200,True,387,0.01595,0.03297157622739018,21,-14.26657112130096,1.3185869757228392,91.3710736774263,21.796196592672583,21,blend
image_0208.tif,train,train:tif:800x1200,800,1200,True,391,0.015821875,0.03237212276214834,18,-13.113818256935158,1.0371258258189897,105.32537608676486,20.26087563270788,18,blend
image_0216.tif,train,train:tif:800x1200,800,1200,True,382,0.0097,0.02031413612565445,14,-16.04291346706642,0.46991464249304116,85.9274343763079,23.27164033565743,14,blend
image_0217.tif,train,train:tif:800x1200,800,1200,True,385,0.010298958333333334,0.0214004329004329,13,-15.529520221065683,1.3279158025444229,93.93870016244742,22.7122107717334,13,blend
image_0223.tif,train,train:tif:800x1200,800,1200,True,381,0.01105625,0.02321522309711286,17,-14.99513326490527,1.02837771354187,81.7012902428122,22.337809920022124,17,blend
image_0244.tif,train,train:tif:800x1200,800,1200,True,389,0.013160416666666667,0.027065124250214224,16,-14.54979944627457,1.3986443824464478,102.37343001365662,22.321739620234766,16,blend
image_0258.tif,train,train:tif:800x1200,800,1200,True,561,0.010520833333333333,0.015002970885323827,17,-18.16660296968671,1.1514794389202443,79.66978045070873,28.70629624428277,1,blend
image_0267.tif,train,train:tif:800x1200,800,1200,True,370,0.009254166666666667,0.02000900900900901,13,-15.957460900965112,0.8204174820358467,90.77430901160606,23.27217798904991,13,blend
image_0272.tif,train,train:tif:800x1200,800,1200,True,381,0.011935416666666667,0.025061242344706913,19,-14.192774897617282,1.4204102812021127,79.30680907400031,21.486951089266796,19,blend
image_0296.tif,train,train:tif:800x1200,800,1200,True,380,0.013709375,0.028861842105263158,23,-14.091407064578958,1.2969252687594395,77.34677522078805,21.939321069041476,23,blend
image_0297.tif,train,train:tif:800x1200,800,1200,True,383,0.011339583333333333,0.023685813751087904,20,-14.5160851026802,1.1075294662850332,76.02641696929932,22.073279727232347,20,blend
image_0305.tif,train,train:tif:800x1200,800,1200,True,384,0.014585416666666667,0.030386284722222223,20,-14.54647795479785,0.9745377757381268,93.66723003387452,21.529385484895876,20,blend
image_0306.tif,train,train:tif:800x1200,800,1200,True,382,0.010165625,0.021289267015706808,19,-15.037959225165277,0.7643443399787664,72.24008730838173,22.057989450721497,19,blend
image_0316.tif,train,train:tif:800x1200,800,1200,True,534,0.012304166666666666,0.018433208489388266,19,-15.245471047501042,0.8023614215319625,81.4509162902832,22.139964526886963,19,blend
image_0331.tif,train,train:tif:800x1200,800,1200,True,566,0.010219791666666667,0.014444935217903417,20,-17.124038433788932,2.7413031583519363,67.3768702507019,25.365619087813812,2,blend
image_0338.tif,train,train:tif:800x1200,800,1200,True,576,0.008144791666666666,0.011312210648148148,17,-18.245261058548248,1.195650287060488,62.78012062521542,24.209708458291885,17,blend
image_0358.tif,train,train:tif:800x1200,800,1200,True,386,0.015613541666666666,0.03235967184801382,17,-13.270939421278971,0.7202935365922762,113.21439456939697,20.709880680070427,17,blend
image_0364.tif,train,train:tif:800x1200,800,1200,True,534,0.0146125,0.02189138576779026,17,-14.891229658070328,1.0430596127024625,104.90576530905331,22.87365279075607,17,blend
image_0366.tif,train,train:tif:800x1200,800,1200,True,524,0.012658333333333334,0.019325699745547074,17,-15.44137853690097,1.1504482521998884,92.98473470351276,22.55226251645758,17,blend
image_0685.tif,train,train:tif:800x1200,800,1200,True,290,0.019397916666666667,0.05351149425287356,14,-4.969241828372027,1.338944023361139,153.85280200413294,13.560249642329984,14,blend
image_0694.tif,train,train:tif:800x1200,800,1200,True,271,0.006060416666666667,0.01789052890528905,8,-9.218585903073581,1.9599310230626865,95.7675290107727,17.38262597453605,8,blend
image_0701.tif,train,train:tif:800x1200,800,1200,True,288,0.027759375,0.077109375,18,-4.841318547770513,0.6535222336078363,150.27188046773276,14.029030584810268,18,blend
image_0710.tif,train,train:tif:800x1200,800,1200,True,267,0.005220833333333333,0.01564294631710362,11,-7.726061837842737,3.8976190016613845,68.54528149691495,15.28404589551421,11,blend
image_0712.tif,train,train:tif:800x1200,800,1200,True,265,0.0078,0.023547169811320753,12,-7.506250729546428,1.9487288240320226,89.28574856122334,13.867557573218935,12,blend
image_0719.tif,train,train:tif:800x1200,800,1200,True,280,0.017248958333333335,0.049282738095238095,14,-5.926712102519611,0.532932808943134,121.46277741023472,14.13082796029249,14,blend
image_0720.tif,train,train:tif:800x1200,800,1200,True,283,0.014841666666666666,0.04195524146054182,16,-5.703134957122212,1.3018342749095204,97.55709099769592,13.917780709095391,17,blend
image_0722.tif,train,train:tif:800x1200,800,1200,True,260,0.01240625,0.03817307692307692,14,-5.6468609363395625,0.9936928109675347,105.97312804630825,13.529409590759435,14,blend
image_0742.tif,train,train:tif:800x1200,800,1200,True,282,0.017144791666666666,0.04863770685579196,14,-5.118109549542661,0.6837111186012619,130.9990294320243,14.367248956998171,14,blend
image_0747.tif,train,train:tif:800x1200,800,1200,True,286,0.016667708333333333,0.046622960372960376,13,-5.50498591089761,0.8153280388432762,138.49995510394757,14.628863051412186,13,blend
image_0748.tif,train,train:tif:800x1200,800,1200,True,284,0.017040625,0.048001760563380284,15,-5.163304289057547,0.8663671108409412,122.4295134862264,14.493004754318838,15,blend
image_0750.tif,train,train:tif:800x1200,800,1200,True,286,0.017508333333333334,0.04897435897435897,16,-4.517353240401862,1.135393455479865,138.33016681671143,13.358689122143417,16,blend
image_1105.tif,train,train:tif:800x1200,800,1200,True,385,0.00830625,0.01725974025974026,12,-14.688468333314995,1.1549689565348258,90.48716036478679,21.649314988117922,12,blend
image_1121.tif,train,train:tif:800x1200,800,1200,True,539,0.005389583333333333,0.007999381570810142,11,-15.016271589340846,0.9633741928394155,67.5397220958363,28.8396200718528,1,blend
image_1165.tif,train,train:tif:800x1200,800,1200,True,563,0.013353125,0.01897424511545293,16,-15.104893209355978,0.48659911765499153,106.50281143188477,23.18422337848175,16,blend
image_1188.tif,train,train:tif:800x1200,800,1200,True,549,0.015210416666666667,0.022164541590771098,22,-15.537598297861516,1.0431710618572758,88.54354932091452,23.057754354013895,22,blend
image_1190.tif,train,train:tif:800x1200,800,1200,True,561,0.014878125,0.021216577540106953,21,-15.27004845771335,0.6369225156474183,89.93525386991955,22.702921571229076,21,blend
image_1196.tif,train,train:tif:800x1200,800,1200,True,384,0.011607291666666667,0.024181857638888887,16,-16.09531709143007,1.5597402401931832,94.74046158790588,25.340426813596473,16,blend
image_1215.tif,train,train:tif:800x1200,800,1200,True,365,0.009257291666666667,0.020289954337899544,17,-16.584725397548727,1.6779045475935135,71.33934357587029,22.3868547767321,17,blend
image_1216.tif,train,train:tif:800x1200,800,1200,True,364,0.011863541666666666,0.026073717948717948,22,-15.651387027645335,1.8367532544701293,73.8812763040716,21.28669359604181,22,blend
image_1218.tif,train,train:tif:800x1200,800,1200,True,585,0.014235416666666667,0.019467236467236467,22,-14.584366749611336,2.383603201975565,82.15776512839578,20.62911485598146,22,blend
image_1247.tif,train,train:tif:800x1200,800,1200,True,565,0.012184375,0.01725221238938053,19,-13.374474444721692,0.8975774564202119,81.5669150101511,21.791272991345796,19,blend
image_1252.tif,train,train:tif:800x1200,800,1200,True,391,0.013578125,0.027781329923273656,18,-12.523117913503217,0.9772782288804214,92.10587162441678,20.194619949742467,18,blend
image_1258.tif,train,train:tif:800x1200,800,1200,True,547,0.013976041666666666,0.02044028031687995,16,-14.492730010126259,1.15126102360031,108.18733143806458,21.669129702549537,16,blend
image_1263.tif,train,train:tif:800x1200,800,1200,True,389,0.013569791666666668,0.027907026563838904,17,-14.396144338499662,0.8513001203153738,99.15113914714141,21.65864210268323,17,blend
image_1266.tif,train,train:tif:800x1200,800,1200,True,389,0.011829166666666667,0.024327335047129393,16,-14.380821433707354,1.0367717792153277,90.49923372268677,22.896443854077596,16,blend
image_1279.tif,train,train:tif:800x1200,800,1200,True,368,0.010055208333333333,0.021859148550724638,11,-17.23481016350714,1.188268953542135,111.71101968938655,25.780746800031057,11,blend
image_1280.tif,train,train:tif:800x1200,800,1200,True,567,0.010496875,0.014810405643738977,15,-17.439914333980937,1.8982851041734534,86.79397977193197,25.7759936603892,15,blend
image_1282.tif,train,train:tif:800x1200,800,1200,True,528,0.007178125,0.01087594696969697,11,-17.232668169528583,2.0115241314409555,84.35715293884277,26.16460626985385,11,blend
image_1290.tif,train,train:tif:800x1200,800,1200,True,371,0.006420833333333333,0.013845462713387241,13,-16.016051892241393,1.913734577110457,67.29741610013522,22.00125176151102,13,blend
image_1297.tif,train,train:tif:800x1200,800,1200,True,394,0.017040625,0.0346002538071066,21,-13.65527313020972,1.0623320849974256,102.35154969351632,21.25386313636439,21,blend
image_1304.tif,train,train:tif:800x1200,800,1200,True,394,0.014113541666666667,0.028656937394247038,21,-12.776802068953456,1.230406796674746,88.88064148312523,20.47974280429905,21,blend
image_1312.tif,train,train:tif:800x1200,800,1200,True,380,0.010916666666666667,0.02298245614035088,18,-14.198678501830695,0.8712450518895567,76.52291223737929,21.68896483285425,18,blend
image_1316.tif,train,train:tif:800x1200,800,1200,True,384,0.009438541666666666,0.019663628472222222,13,-14.206171583952868,0.9251983120042269,94.87850688054012,22.39728125528938,13,blend
image_1324.tif,train,train:tif:800x1200,800,1200,True,387,0.0097,0.020051679586563308,18,-14.588523008001381,1.2928666838856264,68.27978218926324,21.675378052078496,19,blend
image_1330.tif,train,train:tif:800x1200,800,1200,True,382,0.010636458333333333,0.022275305410122164,16,-15.473416363183766,1.1203866628467942,85.16245222091675,22.353383958386814,16,blend
image_1334.tif,train,train:tif:800x1200,800,1200,True,380,0.011480208333333334,0.02416885964912281,16,-15.22817115994291,0.8115191544197575,93.3857626914978,22.30260413501116,16,blend
image_1344.tif,train,train:tif:800x1200,800,1200,True,530,0.011398958333333334,0.017205974842767296,14,-13.964216027547245,1.2235643447483708,106.6453470502581,23.427780829794415,14,blend
image_1346.tif,train,train:tif:800x1200,800,1200,True,382,0.00939375,0.019672774869109948,13,-15.813606085144892,1.3607605783240704,88.24937292245718,25.072634994659197,13,blend
image_1348.tif,train,train:tif:800x1200,800,1200,True,356,0.010904166666666666,0.02450374531835206,14,-15.984338892243635,1.4348487390201585,100.16800962175641,24.753241257645897,14,blend
image_1358.tif,train,train:tif:800x1200,800,1200,True,366,0.009464583333333334,0.02068761384335155,13,-15.43808016720126,2.004982165620998,89.7587815798246,22.521197074068066,13,blend
image_1361.tif,train,train:tif:800x1200,800,1200,True,558,0.008296875,0.01189516129032258,17,-18.240255474697644,2.545517327705806,63.50838419970344,25.06968122588528,17,blend
image_1367.tif,train,train:tif:800x1200,800,1200,True,374,0.009457291666666666,0.020229500891265597,15,-14.537046583558439,1.4676256804263605,82.05349502563476,20.93817745520611,15,blend
image_1371.tif,train,train:tif:800x1200,800,1200,True,389,0.018014583333333334,0.03704798628963153,22,-13.75509536633367,0.9138061861268945,101.31164078278975,21.171397158271443,22,blend
image_1386.tif,train,train:tif:800x1200,800,1200,True,376,0.01065,0.022659574468085107,18,-15.90012485613424,1.2982717719992456,75.63398371802435,23.342043485632885,18,blend
image_1388.tif,train,train:tif:800x1200,800,1200,True,383,0.013596875,0.02840078328981723,19,-14.692008709004416,1.2424330192243804,90.1125585656417,22.059729505934083,19,blend
image_1389.tif,train,train:tif:800x1200,800,1200,True,539,0.01776875,0.02637291280148423,23,-14.56346158817136,0.9593273569030671,98.15949547809103,22.699198146079908,23,blend
image_1390.tif,train,train:tif:800x1200,800,1200,True,390,0.012944791666666667,0.026553418803418802,19,-14.204432183880238,0.9907994575790422,88.42214433770431,22.66382749018849,19,blend
image_1396.tif,train,train:tif:800x1200,800,1200,True,530,0.015135416666666667,0.022845911949685535,20,-14.649510719207065,0.6435271644574776,94.54471569061279,22.011284368086752,20,blend
image_1397.tif,train,train:tif:800x1200,800,1200,True,377,0.015444791666666667,0.032774093722369585,20,-13.870192551910215,0.624240307324043,95.52817406654358,21.640261228312944,20,blend
image_1416.tif,train,train:tif:800x1200,800,1200,True,391,0.014351041666666666,0.029362745098039215,20,-15.434576188213647,1.348053894118011,91.52912130355836,23.62775833828925,20,blend
image_1420.tif,train,train:tif:800x1200,800,1200,True,386,0.010992708333333333,0.022782815198618307,19,-15.833419947049748,0.7858097124204058,75.02910875019275,25.146246592726573,19,blend
image_1426.tif,train,train:tif:800x1200,800,1200,True,560,0.010764583333333333,0.01537797619047619,19,-17.961694141620267,0.9316394622530098,75.70663672999332,30.885555590511515,1,blend
image_1433.tif,train,train:tif:800x1200,800,1200,True,557,0.008921875,0.012814183123877918,15,-18.00396137464638,2.516988297772727,80.42953465779622,,0,no usable fascicle fragments
image_1435.tif,train,train:tif:800x1200,800,1200,True,557,0.009109375,0.013083482944344704,14,-17.6490323168347,1.150567076062151,86.2737808227539,23.879486950108458,14,blend
image_1436.tif,train,train:tif:800x1200,800,1200,True,365,0.009875,0.021643835616438355,14,-17.677124082802898,0.6890895427763901,92.61056082589286,24.18355197940465,14,blend
image_1448.tif,train,train:tif:800x1200,800,1200,True,388,0.015267708333333333,0.03147981099656357,15,-13.2199877434253,0.6099688785341879,124.8801653544108,20.806565062805884,15,blend
image_1558.tif,train,train:tif:800x1200,800,1200,True,368,0.006984375,0.015183423913043479,16,-11.313074132500489,1.124673555191448,91.40530228614807,15.718360086643425,17,blend
image_1562.tif,train,train:tif:800x1200,800,1200,True,329,0.0140625,0.03419452887537994,26,-10.179127277659594,1.3703973794258282,113.54794678321251,12.230970976179309,26,blend
image_1578.tif,train,train:tif:800x1200,800,1200,True,441,0.014398958333333333,0.02612055933484505,28,-13.700929582260882,1.5812071427948933,110.24956675938198,13.187322222340127,28,blend
image_1628.tif,train,train:tif:800x1200,800,1200,True,440,0.016655208333333334,0.03028219696969697,21,-11.864759792616818,1.4973558138825762,148.49095044817244,9.31827961779759,19,blend
image_1664.tif,train,train:tif:800x1200,800,1200,True,502,0.0192875,0.030737051792828686,28,-14.336865457339789,1.3199502527805418,128.62801098823547,13.78988034790455,28,blend
image_1674.tif,train,train:tif:800x1200,800,1200,True,495,0.021455208333333333,0.03467508417508418,29,-7.758254881017588,2.5957414219573787,136.05326014551622,11.02565473860326,29,blend
image_1676.tif,train,train:tif:800x1200,800,1200,True,331,0.019766666666666665,0.047774420946626386,35,-10.921337728251814,1.4433063478111556,109.72514662061418,11.117197063108422,35,blend
image_1686.tif,train,train:tif:800x1200,800,1200,True,323,0.011975,0.029659442724458203,28,-11.721319946220806,1.8305200411384064,86.55229445866176,15.883032002218204,28,blend
image_1688.tif,train,train:tif:800x1200,800,1200,True,372,0.025,0.053763440860215055,41,-10.47969701995315,2.0755374500968777,123.80634038041278,14.157186962618162,41,blend
image_1696.tif,train,train:tif:800x1200,800,1200,True,390,0.014842708333333333,0.030446581196581196,24,-9.427970743251727,2.2257839968909576,125.59650993347168,18.66898571554278,24,blend
image_1704.tif,train,train:tif:800x1200,800,1200,True,305,0.019633333333333332,0.05149726775956284,31,-9.817218763502044,3.4545423509765545,126.56833162615376,14.362613971270964,32,blend
image_1726.tif,train,train:tif:800x1200,800,1200,True,360,0.019761458333333332,0.04391435185185185,32,-9.744543738297274,1.335385325559729,129.88659781217575,13.458173422176175,32,blend
image_1730.tif,train,train:tif:800x1200,800,1200,True,532,0.009990625,0.015023496240601503,25,-8.477488012291126,1.8281178268218188,90.56383518218995,,0,fewer than two aponeuroses
image_1734.tif,train,train:tif:800x1200,800,1200,True,520,0.019378125,0.0298125,40,-14.256136764820761,1.745523466934145,103.6431532382965,16.7473109942689,40,blend
image_1736.tif,train,train:tif:800x1200,800,1200,True,478,0.017001041666666668,0.028453626220362623,36,-12.151346539040073,2.0285623032593554,98.65791871812608,18.697275035238455,37,blend
image_1764.tif,train,train:tif:800x1200,800,1200,True,335,0.021119791666666665,0.050435323383084575,31,-10.872192317315761,1.092578220169253,131.62515800229966,14.884234894492394,31,blend
image_1800.tif,train,train:tif:800x1200,800,1200,True,371,0.019859375,0.04282345013477089,29,-11.40569360559645,1.1979486859480328,138.80159877908642,15.097532658111843,29,blend
image_1812.tif,train,train:tif:800x1200,800,1200,True,374,0.015739583333333335,0.033667557932263815,23,-15.19113745005722,1.2744796314207711,130.56237519305685,11.49856972029018,23,blend
image_1815.tif,train,train:tif:800x1200,800,1200,True,447,0.017265625,0.030900447427293067,41,-8.728163422727603,3.031028500039721,94.02086802226741,16.28308883368413,41,blend
image_1816.tif,train,train:tif:800x1200,800,1200,True,544,0.018425,0.027095588235294118,37,-8.6341149322635,3.280468345470225,107.24587796185467,16.297712926559587,39,blend
image_1818.tif,train,train:tif:800x1200,800,1200,True,399,0.012860416666666666,0.02578529657477026,21,-15.266203472641678,0.8255835323532388,113.51827576046898,19.481868272609432,21,blend
image_1826.tif,train,train:tif:800x1200,800,1200,True,477,0.014266666666666667,0.02392732354996506,25,-7.1471667354382085,0.6976421540513158,129.6564619445801,8.63456825395117,2,blend
image_1830.tif,train,train:tif:800x1200,800,1200,True,338,0.010266666666666667,0.02429980276134122,25,-12.079924915045337,2.3421982137604385,82.78362930297851,10.313992499162515,25,blend
image_1840.tif,train,train:tif:800x1200,800,1200,True,375,0.012127083333333333,0.025871111111111112,25,-13.784039040511457,1.880684687343301,98.27070472717286,13.481101632219035,25,blend
image_1848.tif,train,train:tif:800x1200,800,1200,True,474,0.012672916666666667,0.021388888888888888,27,-18.12025749367725,2.0687916108422435,89.00153273123281,18.589976309773213,28,blend
image_1852.tif,train,train:tif:800x1200,800,1200,True,538,0.011622916666666667,0.017283147459727387,34,-9.119180279067102,4.592762202547818,74.77623067182653,14.438671736222947,34,blend
image_1853.tif,train,train:tif:800x1200,800,1200,True,340,0.020086458333333335,0.04726225490196079,24,-11.011822359641465,1.6568224638751756,154.7528547445933,12.455985839690285,24,blend
image_1868.tif,train,train:tif:800x1200,800,1200,True,451,0.021178125,0.03756651884700665,25,-11.372970510575046,2.2567163609443863,177.33058372497558,12.173132123216503,26,blend
image_1882.tif,train,train:tif:800x1200,800,1200,True,488,0.013692708333333333,0.022447062841530054,24,-8.011568405561153,1.3165229055619827,115.22213419278462,,0,no usable fascicle fragments
image_1904.tif,train,train:tif:800x1200,800,1200,True,457,0.013821875,0.024195842450765864,28,-12.05373988762069,0.9301690711898845,109.8363698210035,19.589715081910015,28,blend
image_1914.tif,train,train:tif:800x1200,800,1200,True,393,0.01795,0.03653944020356234,29,-11.600309752031087,1.7358351139904489,130.97193323332687,11.787454773233671,29,blend
image_1915.tif,train,train:tif:800x1200,800,1200,True,330,0.012641666666666667,0.030646464646464647,18,-13.266079907738085,1.0591821876913725,154.83945857153998,17.90175804040673,19,blend
image_1918.tif,train,train:tif:800x1200,800,1200,True,361,0.013701041666666667,0.03036241920590951,27,-9.73239935091614,1.3136522994966722,114.36819811220522,17.71181469933441,28,blend
image_1946.tif,train,train:tif:800x1200,800,1200,True,442,0.016715625,0.03025452488687783,36,-10.863685696855951,2.5929579340112348,104.8946483929952,17.317584644258798,38,blend
image_1961.tif,train,train:tif:800x1200,800,1200,True,427,0.007621875,0.014279859484777517,19,-14.507663888956078,1.2719380222116055,83.93044863249126,15.548858225642551,21,blend
image_1966.tif,train,train:tif:800x1200,800,1200,True,461,0.014569791666666667,0.025283803326102677,27,-10.235925721750718,1.0509482543795503,114.27675692240398,16.297857037859828,1,blend
image_1968.tif,train,train:tif:800x1200,800,1200,True,269,0.012561458333333334,0.03735749690210657,18,-9.1784680942502,0.7495513984138853,143.56618542141385,8.514201362286247,17,blend
image_1972.tif,train,train:tif:800x1200,800,1200,True,330,0.012039583333333333,0.029186868686868688,22,-11.764881049482181,2.2358808693787386,112.76031754233621,13.195779833583558,22,blend
image_1974.tif,train,train:tif:800x1200,800,1200,True,365,0.013819791666666666,0.030289954337899543,31,-9.701918862386162,1.4458896159113817,102.81452892672631,13.482420399514345,34,blend
image_1984.tif,train,train:tif:800x1200,800,1200,True,345,0.011833333333333333,0.02743961352657005,20,-9.821755034706026,1.6378089004080474,131.7881474494934,12.19768674755919,21,blend
image_2005.tif,train,train:tif:800x1200,800,1200,True,499,0.0104,0.016673346693386774,17,-13.932921848934589,1.101925897329732,130.5393923591165,20.291786149297266,18,blend
image_2051.tif,train,train:tif:800x1200,800,1200,True,467,0.015338541666666667,0.02627587437544611,21,-14.636025069713478,2.160158116959135,146.71484066191175,12.445052670788886,22,blend
image_2052.tif,train,train:tif:800x1200,800,1200,True,377,0.007173958333333333,0.015223253757736517,23,-8.169634922926033,1.2200851812691482,66.75853082408075,,0,no usable fascicle fragments
image_2056.tif,train,train:tif:800x1200,800,1200,True,366,0.012509375,0.02734289617486339,24,-12.88650489593541,1.9081136578060942,113.2563115755717,13.155666107398108,24,blend
image_2071.tif,train,train:tif:800x1200,800,1200,True,480,0.011396875,0.018994791666666667,22,-20.115313233166532,1.8518527051627647,107.75086819041859,18.168222076762127,22,blend
image_2079.tif,train,train:tif:800x1200,800,1200,True,313,0.011142708333333333,0.028479765708200214,17,-10.03787302444015,1.9688727976775322,144.8536282707663,13.049375992184874,17,blend
image_2091.tif,train,train:tif:800x1200,800,1200,True,482,0.009682291666666667,0.016070193637621022,21,-15.52692017380666,1.6266238062168217,96.85172671363468,13.898440327112846,21,blend
image_2095.tif,train,train:tif:800x1200,800,1200,True,434,0.009314583333333333,0.01716973886328725,19,3.562318214059136,0.9575219358122502,115.68345019691868,7.6048078608430405,18,blend
image_2100.tif,train,train:tif:800x1200,800,1200,True,278,0.005729166666666666,0.016486810551558755,13,-14.518518059177367,1.698449362586647,100.91908616286058,14.09053571129457,13,blend
image_2102.tif,train,train:tif:800x1200,800,1200,True,614,0.008775,0.011433224755700326,17,-7.328252884812075,0.8680587463727125,110.51095199584961,15.458942757129304,16,blend
image_2108.tif,train,train:tif:800x1200,800,1200,True,392,0.012771875,0.026065051020408164,27,-6.252808842024938,1.2852005516749347,111.52466215910735,10.038747812509753,27,blend
image_2295.tif,train,train:tif:800x1200,800,1200,True,475,0.019404166666666667,0.03268070175438596,29,-8.289966670006438,0.9077853257023563,118.06371386297818,16.314553966259833,29,blend
image_2298.tif,train,train:tif:800x1200,800,1200,True,333,0.011945833333333333,0.028698698698698698,21,-13.93637993110505,1.4314966055278369,86.93806911650158,22.862109394431226,21,blend
image_2302.tif,train,train:tif:800x1200,800,1200,True,335,0.007910416666666666,0.01889054726368159,14,-11.965455672603092,1.0245724255091417,99.55644008091518,22.676905912395974,14,blend
image_2318.tif,train,train:tif:800x1200,800,1200,True,402,0.03755208333333333,0.07473051409618574,43,-20.968304554981295,1.9825744835897474,113.06749454764433,23.772266939169143,43,blend
image_2330.tif,train,train:tif:800x1200,800,1200,True,376,0.03184270833333333,0.06775044326241135,28,-5.650437897596492,1.5758705878499253,134.6475144795009,10.996278309563886,14,blend
image_2332.tif,train,train:tif:800x1200,800,1200,True,373,0.035365625,0.07585120643431635,29,-5.792374564128204,1.078309288329545,136.2611987673003,13.703710124297226,29,blend
image_2338.tif,train,train:tif:800x1200,800,1200,True,374,0.03374479166666667,0.0721813725490196,25,-6.084553096742377,0.8420044183870239,144.9427523803711,13.880889620697866,25,blend
image_2349.tif,train,train:tif:800x1200,800,1200,True,361,0.016444791666666667,0.03644275161588181,17,-10.095083095208363,0.7021205276957776,113.88771662992589,17.96064763654524,17,blend
image_2353.tif,train,train:tif:800x1200,800,1200,True,296,0.0025822916666666668,0.0069791666666666665,4,-13.872114137431527,3.128109349550188,87.91691613197327,20.76023879460712,4,blend
image_2362.tif,train,train:tif:800x1200,800,1200,True,300,0.008504166666666667,0.02267777777777778,15,-9.919120949705569,1.6052781948779202,74.85831019083659,18.804083973760743,15,blend
image_2363.tif,train,train:tif:800x1200,800,1200,True,319,0.011755208333333333,0.02948014629049112,17,-8.084915687942953,1.2941038576547532,88.1639175415039,17.08878686127966,17,blend
image_2372.tif,train,train:tif:800x1200,800,1200,True,294,0.009189583333333333,0.025005668934240364,12,-9.830525164065797,1.2787383630954254,96.18674914042155,17.170153124764887,12,blend
image_2395.tif,train,train:tif:800x1200,800,1200,True,334,0.008747916666666666,0.02095309381237525,11,-8.947412808530025,1.5891359212411942,107.58157071200284,14.993807359558431,12,blend
image_2403.tif,train,train:tif:800x1200,800,1200,True,383,0.004607291666666667,0.009623585726718885,11,-11.62509422325614,1.0191651398130404,59.530034498734906,13.563886963015818,11,blend
image_2409.tif,train,train:tif:800x1200,800,1200,True,395,0.005667708333333334,0.011478902953586497,9,-12.221216122255585,2.075938765197842,79.35163434346516,,0,no usable fascicle fragments
image_2426.tif,train,train:tif:800x1200,800,1200,True,446,0.015536458333333333,0.027868086696562034,25,-11.519985067889737,1.540719316125191,115.49996315002441,,0,fewer than two aponeuroses
image_2434.tif,train,train:tif:800x1200,800,1200,True,744,0.015501041666666666,0.016667786738351256,24,-11.594716185784796,2.1500704540312254,120.95627506573994,,0,no plausible aponeurosis pair
image_2450.tif,train,train:tif:800x1200,800,1200,True,631,0.01219375,0.01545958795562599,13,-11.985208459324438,1.6490222706662898,173.03203494732196,12.279091482475652,13,blend
image_2461.tif,train,train:tif:800x1200,800,1200,True,424,0.0114375,0.02158018867924528,8,-14.166489286384936,0.5075182799116416,247.09240055084229,,0,fewer than two aponeuroses
image_2467.tif,train,train:tif:800x1200,800,1200,True,477,0.010191666666666667,0.017092941998602375,14,-12.056376799082912,1.6481103345380301,135.9867788042341,12.315957280929972,14,blend
image_2494.tif,train,train:tif:800x1200,800,1200,True,631,0.010777083333333333,0.0136634970945589,12,-15.12061480419261,1.1737630966298616,153.1937484741211,,0,fewer than two aponeuroses
image_2496.tif,train,train:tif:800x1200,800,1200,True,632,0.011535416666666666,0.014601793248945148,15,-14.729811640729398,1.121274381552837,135.30249430338543,,0,fewer than two aponeuroses
image_2508.tif,train,train:tif:800x1200,800,1200,True,651,0.015301041666666666,0.018803123399897592,12,-15.72002788666993,1.1717446850095854,217.7059761683146,14.535887285109983,12,blend
image_2514.tif,train,train:tif:800x1200,800,1200,True,648,0.015040625,0.018568672839506174,13,-15.684095182126637,1.3056930501503992,196.05386147132288,14.564071563448532,13,blend
image_2518.tif,train,train:tif:800x1200,800,1200,True,723,0.0144,0.015933609958506224,13,-16.164263865690582,0.9476730365714818,190.18694598858173,15.422858736184152,13,blend
image_2524.tif,train,train:tif:800x1200,800,1200,True,731,0.02476875,0.02710670314637483,22,-13.92333437943585,0.828061142854601,174.2233578075062,14.739483436946212,22,blend
image_2526.tif,train,train:tif:800x1200,800,1200,True,731,0.025592708333333332,0.02800843593251254,21,-13.920105815353883,1.0173258787170045,184.8690504346575,14.75306829051422,21,blend
image_2527.tif,train,train:tif:800x1200,800,1200,True,731,0.025989583333333333,0.02844277245782034,23,-13.808995394141897,0.5708671111498269,170.66950764863387,14.666662308450773,23,blend
image_2535.tif,train,train:tif:800x1200,800,1200,True,728,0.026840625,0.02949519230769231,21,-13.883170954046824,0.7186409999483434,192.72247264498756,14.710000950507862,21,blend
image_2548.tif,train,train:tif:800x1200,800,1200,True,498,0.02619375,0.04207831325301205,30,-11.729771001144778,2.1702675946558143,139.39251810709635,12.43372984927374,31,blend
image_2565.tif,train,train:tif:800x1200,800,1200,True,730,0.022576041666666668,0.024740867579908676,25,-13.368820174036413,1.6513705709708653,133.25640083312987,14.117690697111225,25,blend
image_2572.tif,train,train:tif:800x1200,800,1200,True,518,0.015219791666666666,0.023505469755469754,21,-12.129153650833986,2.1234541859613945,112.36069960821243,11.435656166521298,22,blend
image_2573.tif,train,train:tif:800x1200,800,1200,True,506,0.014219791666666667,0.022481884057971014,17,-13.373583969322533,3.9243595798968283,129.34579333137063,12.339982512557334,17,blend
image_2574.tif,train,train:tif:800x1200,800,1200,True,732,0.014435416666666666,0.0157764116575592,20,-12.691127130038554,3.407268696063807,112.75934295654297,20.51852928376016,13,blend
image_2592.tif,train,train:tif:800x1200,800,1200,True,493,0.01715625,0.02783975659229209,16,-12.327141139876334,2.0120290293293355,159.04980778694153,11.736529762252909,15,blend
image_2615.tif,train,train:tif:800x1200,800,1200,True,735,0.012658333333333334,0.013777777777777778,17,-13.386775220763589,1.4820730950453846,111.77283107533174,12.669101580574484,17,blend
image_2620.tif,train,train:tif:800x1200,800,1200,True,501,0.012860416666666666,0.020535595475715235,17,-13.11784387014812,1.3109930493106887,117.07479936936322,13.565722530211616,17,blend
image_2635.tif,train,train:tif:800x1200,800,1200,True,734,0.0134,0.014604904632152589,20,-12.225874620610297,1.4798307334295124,105.02590618133544,12.148283338026186,20,blend
image_2636.tif,train,train:tif:800x1200,800,1200,True,734,0.014451041666666666,0.01575045413260672,17,-12.201889954809763,1.1040225091909193,130.23926701265222,12.425727603273618,18,blend
image_2644.tif,train,train:tif:800x1200,800,1200,True,738,0.015816666666666666,0.017145438121047876,30,-5.07155379610072,0.5812900497740383,119.04527899424235,10.238322813541936,31,blend
image_2646.tif,train,train:tif:800x1200,800,1200,True,738,0.0156,0.016910569105691057,30,-4.996221022525733,0.7842116329563602,116.37866414388021,10.111593776808691,31,blend
image_2647.tif,train,train:tif:800x1200,800,1200,True,738,0.015552083333333333,0.016858626919602528,33,-4.970492756104811,0.805759026338432,106.0645190152255,10.151604038033097,33,blend
image_2673.tif,train,train:tif:800x1200,800,1200,True,526,0.015960416666666668,0.024274397972116602,34,-5.4533082251929095,1.4461610647255245,101.08233418184169,8.333017860465128,33,blend
image_2681.tif,train,train:tif:800x1200,800,1200,True,723,0.020128125,0.022271784232365144,35,-6.086765429423125,1.5266967630409267,120.02864990234374,9.004252163536133,35,blend
image_2682.tif,train,train:tif:800x1200,800,1200,True,496,0.019180208333333334,0.03093581989247312,35,-6.143908565446757,1.6169958579943025,119.23017267499651,9.128795623576242,36,blend
image_2683.tif,train,train:tif:800x1200,800,1200,True,497,0.019521875,0.03142354124748491,36,-6.583115717825576,1.066645718746599,116.63489431805081,9.894890420305318,36,trig
image_2697.tif,train,train:tif:800x1200,800,1200,True,612,0.020035416666666667,0.026190087145969498,30,-6.4311107439837665,1.1419227100785054,143.1321877161662,10.291361095997695,31,blend
image_2705.tif,train,train:tif:800x1200,800,1200,True,504,0.019889583333333332,0.031570767195767194,34,-6.089345532758308,1.0482314142265823,123.0019671496223,10.42169539108014,35,blend
image_2707.tif,train,train:tif:800x1200,800,1200,True,734,0.019066666666666666,0.0207811080835604,32,-6.378505377662783,1.2446748442843947,123.1137592792511,10.136350729645468,33,blend
image_2709.tif,train,train:tif:800x1200,800,1200,True,503,0.017503125,0.02783797216699801,34,-5.910768375739975,1.2003905170291351,112.70015733382282,9.67914875000833,35,blend
image_2711.tif,train,train:tif:800x1200,800,1200,True,506,0.016738541666666665,0.026464097496706192,30,-5.9859947881392,0.8513342801699362,117.46067301432292,9.49661566559457,30,blend
image_2718.tif,train,train:tif:800x1200,800,1200,True,733,0.019511458333333332,0.021294906775807185,29,-5.760401556438272,1.38017962040725,140.72298921387772,10.047500210527284,29,blend
image_2722.tif,train,train:tif:800x1200,800,1200,True,507,0.020094791666666667,0.0317077580539119,35,-5.920450967663629,1.283226585106215,123.15164576939173,10.398331161299774,36,blend
image_2723.tif,train,train:tif:800x1200,800,1200,True,510,0.020690625,0.032455882352941175,39,-6.35774040885945,1.0998625264742419,115.24916631747514,10.350233664736228,39,blend
image_2733.tif,train,train:tif:800x1200,800,1200,True,733,0.020284375,0.022138472032742156,30,-6.818829300820974,0.9888078502664759,144.2772820154826,10.18581905921409,30,blend
image_2740.tif,train,train:tif:800x1200,800,1200,True,500,0.02313854166666667,0.03702166666666667,36,-7.06415656925186,1.0076850605992584,137.28090259763928,9.99636007416583,37,blend
image_2746.tif,train,train:tif:800x1200,800,1200,True,739,0.021988541666666667,0.02380356337392873,35,-7.077565752576533,1.4215081810959402,130.29896223885672,,0,no usable fascicle fragments
image_2749.tif,train,train:tif:800x1200,800,1200,True,506,0.02294895833333333,0.03628293807641634,39,-7.193087335103098,1.481236440915409,120.7253534365923,10.187772005026703,39,blend
image_2759.tif,train,train:tif:800x1200,800,1200,True,503,0.022552083333333334,0.03586812458581842,40,-6.7084199858998605,0.7902893295035565,118.51579694747925,10.472961373385324,42,blend
image_1933.tif,train,train:tif:800x1200,800,1200,True,294,0.007214583333333333,0.019631519274376417,22,-13.075740406545991,1.5581335397344604,77.33827495574951,15.977088142202007,23,blend
image_0310.tif,train,train:tif:800x1200,800,1200,True,380,0.012569791666666667,0.026462719298245615,16,-15.072264945000613,0.9390264364961451,96.74351954460144,21.901609447342878,16,blend
image_1834.tif,train,train:tif:800x1200,800,1200,True,425,0.013785416666666666,0.025949019607843137,33,-17.3015075602089,1.570309473573957,83.49036433480002,14.013743576266126,34,blend
image_1650.tif,train,train:tif:800x1200,800,1200,True,336,0.02156875,0.051354166666666666,37,-7.181827871455982,1.8351623956781138,124.5887522310824,10.167773256686456,24,blend
image_1985.tif,train,train:tif:800x1200,800,1200,True,374,0.011825,0.025294117647058825,25,-9.88640244824589,1.3802296822171627,112.29946899414062,14.520692208227537,26,blend
image_2604.tif,train,train:tif:800x1200,800,1200,True,497,0.015954166666666665,0.02568075117370892,21,-12.845274399528638,1.814066657517719,115.34633454822358,12.722908151786372,21,blend
image_0265.tif,train,train:tif:800x1200,800,1200,True,558,0.008296875,0.01189516129032258,17,-18.240255474697644,2.545517327705806,63.50838419970344,25.06968122588528,17,blend
image_1219.tif,train,train:tif:800x1200,800,1200,True,377,0.013405208333333333,0.02844606542882405,19,-14.677988337007289,1.038555624236185,89.04799531635486,21.59550048029521,19,blend
image_0197.tif,train,train:tif:800x1200,800,1200,True,380,0.011908333333333333,0.025070175438596493,15,-13.971794824006546,1.0521901814054804,99.56049321492513,20.91123623626173,15,blend
image_0015.tif,train,train:tif:800x1200,800,1200,True,384,0.010235416666666667,0.02132378472222222,18,-15.596428999547122,0.9281296513840767,76.5669748518202,22.486076601487014,18,blend
image_0298.tif,train,train:tif:800x1200,800,1200,True,578,0.014454166666666667,0.020005767012687428,22,-14.467616347640604,1.0940506110744073,85.06020788712935,21.933946082322386,22,blend
image_2038.tif,train,train:tif:800x1200,800,1200,True,338,0.012391666666666667,0.02932938856015779,23,-11.105068669165602,1.4074390288882288,121.49081387727156,16.30518548261494,23,blend
image_2597.tif,train,train:tif:800x1200,800,1200,True,502,0.01473125,0.02347609561752988,15,-12.090364840370986,1.6805797527331752,146.31505610148113,12.874821128467707,15,blend
image_1716.tif,train,train:tif:800x1200,800,1200,True,395,0.016091666666666667,0.03259071729957806,25,-8.649521242466909,1.9967465601538787,131.11573425292968,6.447241390874004,19,blend
image_1982.tif,train,train:tif:800x1200,800,1200,True,392,0.007853125,0.016026785714285716,21,-11.36625989654814,1.3154119168123106,84.58346584865025,10.896446871298165,21,blend
image_0146.tif,train,train:tif:800x1200,800,1200,True,386,0.011869791666666667,0.024600604490500864,20,-14.413971732749818,0.8578318587487459,75.70368242263794,22.780764572331314,20,blend
image_0692.tif,train,train:tif:800x1200,800,1200,True,266,0.005022916666666667,0.015106516290726816,11,-8.7928678305314,1.8523533547606528,65.48138826543635,17.194040347821275,11,blend
image_1340.tif,train,train:tif:800x1200,800,1200,True,389,0.013160416666666667,0.027065124250214224,16,-14.54979944627457,1.3986443824464478,102.37343001365662,22.321739620234766,16,blend
image_2044.tif,train,train:tif:800x1200,800,1200,True,369,0.013485416666666666,0.029236675700090333,31,-13.43970143808568,1.2894873049412805,100.36633676098239,13.800756080807886,32,blend
image_0016.tif,train,train:tif:800x1200,800,1200,True,383,0.008770833333333334,0.018320278503046128,16,-14.822561754211518,1.123823828465044,73.98376667499542,22.391165890619988,16,blend
image_0738.tif,train,train:tif:800x1200,800,1200,True,283,0.018623958333333333,0.0526472320376914,16,-4.907225920590264,1.0583796798986977,120.64691638946533,13.833906640448362,16,blend
image_2614.tif,train,train:tif:800x1200,800,1200,True,736,0.013857291666666667,0.015062273550724637,17,-13.053936431179471,1.6906093930701953,121.93827999339385,12.964911335801625,17,blend
image_1955.tif,train,train:tif:800x1200,800,1200,True,392,0.010067708333333333,0.020546343537414965,28,-5.81382937377115,1.2405922003365775,93.10654885428292,12.683519785600035,28,blend
image_1379.tif,train,train:tif:800x1200,800,1200,True,381,0.017289583333333334,0.03630358705161855,23,-13.104844805057917,1.518866388087476,93.78964697796366,20.951351385179578,23,blend
image_2328.tif,train,train:tif:800x1200,800,1200,True,364,0.0271625,0.0596978021978022,33,-6.514654303860198,1.0073659525948955,102.68911240317605,14.844983833295466,15,blend
image_1919.tif,train,train:tif:800x1200,800,1200,True,491,0.011665625,0.0190071283095723,24,-10.650972790003836,1.0413109979696404,112.87222957611084,14.96107472146451,24,blend
image_2103.tif,train,train:tif:800x1200,800,1200,True,414,0.011288541666666667,0.021813607085346215,33,-7.650857358560708,1.239798252165559,85.69395753109094,11.962346467376072,33,blend
image_2480.tif,train,train:tif:800x1200,800,1200,True,426,0.009564583333333333,0.017961658841940533,10,-14.050450671984326,1.1496246437983881,163.24805660247802,14.141480043716742,10,blend
image_1856.tif,train,train:tif:800x1200,800,1200,True,342,0.0221375,0.051783625730994154,38,-9.361061396212513,1.737511130354724,116.97207152216058,11.001028905949212,38,blend
image_0162.tif,train,train:tif:800x1200,800,1200,True,384,0.014845833333333334,0.030928819444444443,18,-13.87157361065165,0.9838808052714985,103.19435993830363,21.415599260285617,18,blend
image_2104.tif,train,train:tif:800x1200,800,1200,True,527,0.014255208333333333,0.02163978494623656,26,-3.740518929224245,1.6808883545835716,124.45735102433424,6.464003677264097,24,blend
image_2062.tif,train,train:tif:800x1200,800,1200,True,408,0.012360416666666667,0.02423611111111111,22,-16.748639488983628,0.5839833750588266,116.28265536915173,16.723722946143965,22,blend
image_0053.tif,train,train:tif:800x1200,800,1200,True,393,0.015870833333333334,0.03230703986429177,20,-13.367142131765089,1.0586733886509592,97.13860807418823,20.752317149159904,20,blend
image_0749.tif,train,train:tif:800x1200,800,1200,True,285,0.01789375,0.050228070175438594,13,-4.572457803370186,1.144184288925283,144.5911046541654,13.25097746922139,13,blend
image_2305.tif,train,train:tif:800x1200,800,1200,True,631,0.017605208333333334,0.02232039091389329,25,-10.797095790650856,1.1904793466869048,105.05822250366211,,0,no usable fascicle fragments
image_0303.tif,train,train:tif:800x1200,800,1200,True,385,0.015392708333333333,0.031984848484848484,23,-14.82241964940709,2.0027663773670614,84.60466998556386,21.804608827732995,23,blend
image_1464.tif,train,train:tif:800x1200,800,1200,True,377,0.0136625,0.028992042440318302,15,-15.202048953095165,1.6644821598798103,109.18749338785807,22.591584436819275,15,blend
image_1845.tif,train,train:tif:800x1200,800,1200,True,398,0.016735416666666666,0.033639028475711895,37,-10.815795730667356,1.9738419528549542,93.3274143322094,17.888327193401697,37,blend
image_2677.tif,train,train:tif:800x1200,800,1200,True,512,0.0176375,0.02755859375,31,-6.399114293227197,1.081222141678369,120.1720453077747,10.082976608185911,31,blend
image_0209.tif,train,train:tif:800x1200,800,1200,True,383,0.015190625,0.03172976501305483,17,-13.282266331791217,0.7956529824659846,105.44037493537454,20.761392876847136,17,blend
image_1814.tif,train,train:tif:800x1200,800,1200,True,332,0.019069791666666665,0.04595130522088353,26,-8.722743883847748,0.9761586848120807,153.87345064603366,11.468735288148267,26,blend
image_0350.tif,train,train:tif:800x1200,800,1200,True,385,0.01825625,0.03793506493506493,19,-14.422967177940137,0.556122530545446,120.31027824000309,21.490911230493456,19,blend
image_0275.tif,train,train:tif:800x1200,800,1200,True,389,0.018014583333333334,0.03704798628963153,22,-13.75509536633367,0.9138061861268945,101.31164078278975,21.171397158271443,22,blend
image_0353.tif,train,train:tif:800x1200,800,1200,True,388,0.018017708333333333,0.03714991408934708,21,-13.526123467247162,0.782991939500242,110.46050298781623,21.373814060157287,21,blend
image_1205.tif,train,train:tif:800x1200,800,1200,True,564,0.014020833333333333,0.019887706855791963,21,-17.1762753958879,1.8752156145396057,81.81020191737584,,0,no usable fascicle fragments
image_1784.tif,train,train:tif:800x1200,800,1200,True,446,0.025058333333333332,0.044947683109118085,49,-7.191078666818936,2.509443885397304,113.19215467024823,13.817607821759474,50,blend
image_0688.tif,train,train:tif:800x1200,800,1200,True,297,0.025694791666666668,0.06921156004489337,16,-4.503534197058515,1.1499263512155213,157.97094440460205,13.053745524620295,16,blend
image_1251.tif,train,train:tif:800x1200,800,1200,True,390,0.013915625,0.028544871794871796,18,-13.979723913370862,0.893511279866936,100.7720307244195,21.650790488904107,18,blend
image_1245.tif,train,train:tif:800x1200,800,1200,True,382,0.011611458333333333,0.02431719022687609,16,-13.44691067076528,1.4772628514134434,89.94467103481293,21.635350120031344,16,blend
image_2507.tif,train,train:tif:800x1200,800,1200,True,719,0.015290625,0.017013212795549373,12,-15.774529624839499,1.0910847716323726,217.4083573023478,14.570904336005446,12,blend
image_1892.tif,train,train:tif:800x1200,800,1200,True,486,0.022430208333333333,0.0369221536351166,38,-7.497414734887222,2.0393098378016132,117.41750481254176,17.409348208023726,38,blend
image_1401.tif,train,train:tif:800x1200,800,1200,True,384,0.014585416666666667,0.030386284722222223,20,-14.54647795479785,0.9745377757381268,93.66723003387452,21.529385484895876,20,blend
image_1898.tif,train,train:tif:800x1200,800,1200,True,347,0.009816666666666666,0.022632084534101825,26,-10.503594405822785,2.5223195801854073,82.72385842983539,14.242037756039334,27,blend
image_0182.tif,train,train:tif:800x1200,800,1200,True,368,0.010055208333333333,0.021859148550724638,11,-17.23481016350714,1.188268953542135,111.71101968938655,25.780746800031057,11,blend
image_2018.tif,train,train:tif:800x1200,800,1200,True,497,0.0029677083333333335,0.004776995305164319,11,-14.70004857891377,1.5119472817595145,66.32463437860662,18.59419627097333,11,blend
image_1612.tif,train,train:tif:800x1200,800,1200,True,457,0.013688541666666667,0.023962436177972283,36,-14.353179525253804,2.2103980276649366,77.42614404360454,15.444577329982799,36,blend
image_1275.tif,train,train:tif:800x1200,800,1200,True,361,0.008180208333333333,0.018127885503231765,12,-17.759348250440844,1.2508304770268523,85.05609877904256,24.459051341073913,12,blend
image_1158.tif,train,train:tif:800x1200,800,1200,True,380,0.014073958333333334,0.02962938596491228,17,-14.752548046032958,0.9982700048030022,102.09236324534697,22.739499044025614,17,blend
image_1842.tif,train,train:tif:800x1200,800,1200,True,416,0.015896875,0.030570913461538462,31,-13.28973063518064,1.7718391413851275,105.42611866612589,13.328949014919889,31,blend
image_1291.tif,train,train:tif:800x1200,800,1200,True,370,0.008510416666666666,0.0184009009009009,14,-16.817866342393764,0.8437854638658351,80.8054632459368,22.820929836825716,14,blend
image_1890.tif,train,train:tif:800x1200,800,1200,True,415,0.018028125,0.03475301204819277,26,-12.594528456805843,3.145964228704363,127.95152297386757,11.365263382739347,26,blend
image_1450.tif,train,train:tif:800x1200,800,1200,True,388,0.019151041666666667,0.03948668384879725,19,-12.683502472737667,0.8348279260033973,125.86508198788292,20.56409833064372,19,blend
image_2010.tif,train,train:tif:800x1200,800,1200,True,470,0.007376041666666667,0.012554964539007092,17,-12.867713176658963,2.01252973952532,100.85412642535042,18.261655133992956,17,blend
image_1948.tif,train,train:tif:800x1200,800,1200,True,309,0.010619791666666666,0.027494606256742177,16,-12.635997568692193,1.0089840950089757,135.26093327999115,13.976319598770512,16,blend
image_1168.tif,train,train:tif:800x1200,800,1200,True,382,0.011430208333333334,0.02393760907504363,14,-14.308605244316755,1.3181930568102889,106.12645830426898,22.808338676187063,14,blend
image_2735.tif,train,train:tif:800x1200,800,1200,True,504,0.021982291666666667,0.034892526455026454,38,-6.883263602908651,1.0264152420677934,122.50171560990184,9.953325753357673,39,blend
image_1846.tif,train,train:tif:800x1200,800,1200,True,414,0.016135416666666666,0.031179549114331722,31,-11.062853178142031,2.0363262495969074,106.20461156291347,17.75760881301447,32,blend
image_1976.tif,train,train:tif:800x1200,800,1200,True,468,0.0025729166666666665,0.004398148148148148,13,-14.064063807488653,1.4971517393299933,50.340266741239105,12.69301756370004,13,blend
image_2466.tif,train,train:tif:800x1200,800,1200,True,488,0.013475,0.02209016393442623,20,-13.350261688362133,1.56129934684905,129.41975803375243,13.24064455132971,21,blend
image_1130.tif,train,train:tif:800x1200,800,1200,True,560,0.012345833333333334,0.017636904761904763,16,-16.38713366171825,2.1202252771767753,96.3363869190216,25.390642125366092,16,blend
image_1465.tif,train,train:tif:800x1200,800,1200,True,378,0.0147125,0.031137566137566138,16,-14.403101862539447,2.0085086257159315,112.37346005439758,22.126781589248658,16,blend
image_1880.tif,train,train:tif:800x1200,800,1200,True,452,0.014163541666666666,0.02506821533923304,28,-16.005211746804562,1.8363698039475498,97.22524472645351,15.171295412210196,29,blend
image_2022.tif,train,train:tif:800x1200,800,1200,True,352,0.00980625,0.022286931818181817,19,-11.60191984984297,2.48066352163352,116.57554576271458,10.212660706318497,19,blend
image_1945.tif,train,train:tif:800x1200,800,1200,True,367,0.006460416666666666,0.014082652134423251,12,-13.945317098773504,1.149965956067227,108.80885132153828,15.026863574757403,12,blend
image_1451.tif,train,train:tif:800x1200,800,1200,True,388,0.020166666666666666,0.0415807560137457,23,-13.842552644070864,1.0436727818830516,109.9671339781388,21.146838509048894,23,blend
image_1640.tif,train,train:tif:800x1200,800,1200,True,350,0.020848958333333334,0.04765476190476191,40,-12.985954531978665,1.1282256520507161,106.43131885528564,13.448629848800191,40,blend
image_1860.tif,train,train:tif:800x1200,800,1200,True,492,0.013411458333333333,0.021807249322493224,30,-12.94090923494062,1.1327089659550307,89.97917776107788,12.102180565507458,30,blend
image_2663.tif,train,train:tif:800x1200,800,1200,True,736,0.019245833333333334,0.020919384057971016,37,-4.964052248876785,0.8479478239256322,113.69840518848316,7.840914722511802,36,trig
image_0090.tif,train,train:tif:800x1200,800,1200,True,381,0.020016666666666665,0.04202974628171478,23,-14.855189731345645,1.5240839446182193,107.75807156770125,21.413183857306027,23,blend
image_0059.tif,train,train:tif:800x1200,800,1200,True,383,0.013995833333333334,0.029234116623150567,18,-13.260200158933323,1.2450221672275221,95.05662526024713,20.85707803019901,18,blend
image_0732.tif,train,train:tif:800x1200,800,1200,True,286,0.024491666666666665,0.06850815850815851,15,-5.277095754316735,0.9582684444340925,185.40710881551107,13.957956511009092,15,blend
image_1463.tif,train,train:tif:800x1200,800,1200,True,377,0.016403125,0.03480769230769231,16,-14.475487702291819,1.2416325650288185,127.87578463554382,21.926109365627028,16,blend
image_2555.tif,train,train:tif:800x1200,800,1200,True,510,0.0228125,0.035784313725490194,24,-12.35907994660242,1.8328359340252973,142.92431378364563,13.378765032584367,24,blend
image_1352.tif,train,train:tif:800x1200,800,1200,True,537,0.008902083333333333,0.013261949099937926,12,-18.09382693119075,1.386896105128102,92.79348119099934,26.315093751631846,12,blend
image_0036.tif,train,train:tif:800x1200,800,1200,True,367,0.008373958333333334,0.01825386012715713,12,-17.673996628010315,1.8888989145610449,91.96201642354329,26.691189094800997,12,blend
image_1224.tif,train,train:tif:800x1200,800,1200,True,390,0.01605,0.03292307692307692,20,-13.211615551829755,0.8791292843507552,100.35871620178223,20.15466528970853,20,blend
image_2624.tif,train,train:tif:800x1200,800,1200,True,734,0.012540625,0.013668256130790191,18,-13.010735496057144,1.4981424533875591,107.84353001912434,13.52139022245215,18,blend
image_1343.tif,train,train:tif:800x1200,800,1200,True,523,0.011089583333333333,0.016963033779477374,15,-15.635160482444517,1.2695413764263286,94.14944394429524,24.126507496954087,15,blend
image_0105.tif,train,train:tif:800x1200,800,1200,True,565,0.007966666666666667,0.01128023598820059,13,-16.762184816087,1.1897549103751182,76.00465481097882,24.993164775300315,13,blend
image_2077.tif,train,train:tif:800x1200,800,1200,True,380,0.009257291666666667,0.0194890350877193,16,-13.60913253068114,1.144930088958307,127.85919308662415,14.369359931379135,16,blend
image_2307.tif,train,train:tif:800x1200,800,1200,True,422,0.025169791666666667,0.0477152448657188,25,-16.056823242361393,0.8482399380355155,143.6410235977173,16.307869992031627,25,blend
image_1682.tif,train,train:tif:800x1200,800,1200,True,348,0.01223125,0.028117816091954025,28,-7.181551715861373,1.799779830489515,85.23582812717983,15.865221250110027,28,blend
image_2631.tif,train,train:tif:800x1200,800,1200,True,735,0.01386875,0.015095238095238096,16,-12.22343429207735,1.1555637841354542,130.17630767822266,13.041738044988618,16,blend
image_2557.tif,train,train:tif:800x1200,800,1200,True,731,0.031690625,0.034681942544459644,27,-12.577999732126617,1.7783040272203685,169.2999513414171,13.300228977204373,27,blend
image_2509.tif,train,train:tif:800x1200,800,1200,True,649,0.015089583333333333,0.01860041088854648,12,-15.723112643821757,1.1152273692409,214.48619858423868,14.55526948756477,12,blend
image_1748.tif,train,train:tif:800x1200,800,1200,True,397,0.0087875,0.01770780856423174,26,-13.498641590281913,2.867209168771369,82.08618618891789,22.886941037714863,28,blend
image_0285.tif,train,train:tif:800x1200,800,1200,True,380,0.01265625,0.026644736842105263,19,-14.093531607528442,1.3097472116865685,86.29464480751439,22.37725207189022,19,blend
